,timedate,close,high,low,open,volume,1w_GAIN,1w_RATIO,1w_TREND,1w_TRENDPoint1,1w_TRENDPoint3,1w_TRENDPoint5,1w_TRENDPoint7,1w_TREND1,1w_TREND1Point3,1w_TREND1Point6,1w_TREND2,1w_TREND2Point5,1w_TREND3,1w_CDLMARUBOZU,1w_CDLRICKSHAWMAN,1w_CDLCLOSINGMARUBOZU,1w_CMO1,1w_CMO2,1w_RSI1,1w_RSI2,1w_STOCH1,1w_STOCH2,1w_STOCH3,1w_STOCH4,1w_CDLHIKKAKE,1w_CDLBREAKAWAY,1w_CDLDOJI,1w_CDLDOJISTAR,1w_CDLSHOOTINGSTAR,1w_WILLR1,1w_WILLR2,1w_TRIX1,1w_TRIX2,1w_STOCHF1,1w_STOCHF2,1w_STOCHF3,1w_STOCHF4,1w_CDLHIKKAKEMOD,1w_CDLRISEFALL3METHODS,1w_CDLDRAGONFLYDOJI,1w_CDLGRAVESTONEDOJI,1w_CDLHANGINGMAN,1w_AROONOSC1,1w_AROONOSC2,1w_PPO1,1w_MFI1,1w_MFI2,1w_CDLTASUKIGAP,1w_CDLXSIDEGAP3METHODS,1w_CDLHAMMER,1w_CDLINVERTEDHAMMER,1w_CDLLONGLINE,1w_CDLLONGLEGGEDDOJI,1w_PPO2,1w_PPO3,1w_PPO4,1w_CDLADVANCEBLOCK,1w_CDL2CROWS,1w_CDLSTALLEDPATTERN,1w_CDLTAKURI,1w_CDLSPINNINGTOP,1w_CDLSHORTLINE,1w_HT_DCPERIOD,1w_HT_DCPHASE,1w_HT_PHASOR1,1w_HT_PHASOR2,1w_CDL3BLACKCROWS,1w_CDLUNIQUE3RIVER,1w_CDL3WHITESOLDIERS,1w_CDLENGULFING,1w_HT_SINE1,1w_HT_SINE2,1w_HT_TRENDMODE,1w_ULTOSC1,1w_ULTOSC2,1w_CDLIDENTICAL3CROWS,1w_CDL3OUTSIDE,1w_CDLMATCHINGLOW,1w_CDLGAPSIDESIDEWHITE,1w_CDLDARKCLOUDCOVER,1w_CCI1,1w_CCI2,1w_STOCHRSI1,1w_STOCHRSI2,1w_STOCHRSI3,1w_STOCHRSI4,1w_ADX1,1w_ADX2,1w_DX1,1w_DX2,1w_CDL3INSIDE,1w_CDLBELTHOLD,1w_CDLHARAMICROSS,1w_CDLEVENINGDOJISTAR,1w_CDLMORNINGDOJISTAR,1w_CDLSEPARATINGLINES,1w_CDLTHRUSTING,1w_CDLHARAMI,1w_CDLHOMINGPIGEON,1w_CDLPIERCING,1w_CDLEVENINGSTAR,1w_CDLHIGHWAVE
0,2017-10-09 00:00:00+00:00,5848.0,5922.0,1.0,1.0,68.49812552,0.0239,,1,EITHER,EITHER,EITHER,EITHER,EITHER,EITHER,EITHER,EITHER,EITHER,EITHER,0.0,0.0,0.0,,,,,,,,,0.0,0.0,0.0,0.0,0.0,,,,,,,,,0.0,0.0,0.0,0.0,0.0,,,,,,0.0,0.0,0.0,0.0,0.0,0.0,,,,0.0,0.0,0.0,0.0,0.0,0.0,,,,,0.0,0.0,0.0,0.0,,,0,,,0.0,0.0,0.0,0.0,0.0,,,,,,,,,,,0.0,0.0,0.0,0.0,0.0,0.0,0.0,0.0,0.0,0.0,0.0,0.0
1,2017-10-16 00:00:00+00:00,5987.54,6174.99,5159.0,5848.0,144.338702,-0.0146,,0,EITHER,EITHER,EITHER,EITHER,EITHER,EITHER,EITHER,EITHER,EITHER,EITHER,0.0,0.0,0.0,,,,,,,,,0.0,0.0,0.0,0.0,0.0,,,,,,,,,0.0,0.0,0.0,0.0,0.0,,,,,,0.0,0.0,0.0,0.0,0.0,0.0,,,,0.0,0.0,0.0,0.0,0.0,0.0,,,,,0.0,0.0,0.0,0.0,,,0,,,0.0,0.0,0.0,0.0,0.0,,,,,,,,,,,0.0,0.0,0.0,0.0,0.0,0.0,0.0,0.0,0.0,0.0,0.0,0.0
2,2017-10-23 00:00:00+00:00,5900.0,6020.0,5330.7,5987.54,398.35202594,0.2633,,1,EITHER,EITHER,EITHER,EITHER,EITHER,EITHER,EITHER,EITHER,EITHER,EITHER,0.0,0.0,0.0,,,,,,,,,0.0,0.0,0.0,0.0,0.0,,,,,,,,,0.0,0.0,0.0,0.0,0.0,,,,,,0.0,0.0,0.0,0.0,0.0,0.0,,,,0.0,0.0,0.0,0.0,0.0,0.0,,,,,0.0,0.0,0.0,0.0,,,0,,,0.0,0.0,0.0,0.0,0.0,,,,,,,,,,,0.0,0.0,0.0,0.0,0.0,0.0,0.0,0.0,0.0,0.0,0.0,0.0
3,2017-10-30 00:00:00+00:00,7453.39,7500.0,5898.0,5900.0,2395.06909612,-0.1715,,0,EITHER,EITHER,EITHER,EITHER,EITHER,EITHER,EITHER,EITHER,EITHER,EITHER,0.0,0.0,0.0,,,,,,,,,0.0,0.0,0.0,0.0,0.0,,,,,,,,,0.0,0.0,0.0,0.0,0.0,,,,,,0.0,0.0,0.0,0.0,0.0,0.0,,,,0.0,0.0,0.0,0.0,0.0,0.0,,,,,0.0,0.0,0.0,0.0,,,0,,,0.0,0.0,0.0,0.0,0.0,,,,,,,,,,,0.0,0.0,0.0,0.0,0.0,0.0,0.0,0.0,0.0,0.0,0.0,0.0
4,2017-11-06 00:00:00+00:00,6175.31,7799.0,5100.0,7453.39,11739.8226796,0.2544,,1,EITHER,EITHER,EITHER,EITHER,EITHER,EITHER,EITHER,EITHER,EITHER,EITHER,0.0,0.0,0.0,,,,,,,,,0.0,0.0,0.0,0.0,0.0,,,,,,,,,0.0,0.0,0.0,0.0,0.0,,,,,,0.0,0.0,0.0,0.0,0.0,0.0,,,,0.0,0.0,0.0,0.0,0.0,0.0,,,,,0.0,0.0,0.0,0.0,,,0,,,0.0,0.0,0.0,0.0,0.0,,,,,,,,,,,0.0,0.0,0.0,0.0,0.0,0.0,0.0,0.0,0.0,0.0,0.0,0.0
5,2017-11-13 00:00:00+00:00,7745.1,8020.25,5590.46,6174.59,17643.28150786,0.1694,,1,EITHER,EITHER,EITHER,EITHER,EITHER,EITHER,EITHER,EITHER,EITHER,EITHER,0.0,0.0,0.0,,,,,,,,,0.0,0.0,0.0,0.0,0.0,,,,,,,,,0.0,0.0,0.0,0.0,0.0,,,,,,0.0,0.0,0.0,0.0,0.0,0.0,,,,0.0,0.0,0.0,0.0,0.0,0.0,,,,,0.0,0.0,0.0,1.0,,,0,,,0.0,0.0,0.0,0.0,0.0,,,,,,,,,,,0.0,0.0,0.0,0.0,0.0,0.0,0.0,0.0,0.0,0.0,0.0,0.0
6,2017-11-20 00:00:00+00:00,9057.15,9078.99,7727.95,7745.1,21257.00771454,0.2948,,1,EITHER,EITHER,EITHER,EITHER,EITHER,EITHER,EITHER,EITHER,EITHER,EITHER,0.0,0.0,0.0,,,,,,,,,0.0,0.0,0.0,0.0,0.0,,,,,0.8974,0.9945,,,0.0,0.0,0.0,0.0,0.0,,,,,,0.0,0.0,0.0,0.0,0.0,0.0,,,,0.0,0.0,0.0,0.0,0.0,0.0,,,,,0.0,0.0,0.0,0.0,,,0,,,0.0,1.0,0.0,0.0,0.0,,,,,,,,,,,0.0,0.0,0.0,0.0,0.0,0.0,0.0,0.0,0.0,0.0,0.0,0.0
7,2017-11-27 00:00:00+00:00,11727.48,11770.4401,8900.0,9057.16,124781.25629582,0.3099,,1,EITHER,EITHER,EITHER,EITHER,EITHER,EITHER,EITHER,EITHER,EITHER,EITHER,0.0,0.0,0.0,,,,,,,,,0.0,0.0,0.0,0.0,0.0,,,,,0.9646,0.9936,,,0.0,0.0,0.0,0.0,0.0,,,,,,0.0,0.0,0.0,0.0,0.0,0.0,,,,0.0,0.0,0.0,0.0,0.0,0.0,,,,,0.0,0.0,0.0,0.0,,,0,,,0.0,0.0,0.0,0.0,0.0,,,,,,,,,,,0.0,0.0,0.0,0.0,0.0,0.0,0.0,0.0,0.0,0.0,0.0,0.0
8,2017-12-04 00:00:00+00:00,15361.51,17387.78,10522.0,11727.5402,83006.86720306,0.2499,,1,EITHER,EITHER,EITHER,EITHER,EITHER,EITHER,EITHER,EITHER,EITHER,EITHER,0.0,0.0,0.0,,,,,0.9343,0.9411,,,0.0,0.0,0.0,0.0,0.0,,,,,0.9411,0.8351,,,0.0,0.0,0.0,0.0,0.0,,,,,,0.0,0.0,0.0,0.0,0.0,0.0,,,,0.0,0.0,0.0,0.0,0.0,0.0,,,,,0.0,0.0,0.0,0.0,,,0,,,0.0,0.0,0.0,0.0,0.0,,,,,,,,,,,0.0,0.0,0.0,0.0,0.0,0.0,0.0,0.0,0.0,0.0,0.0,0.0
9,2017-12-11 00:00:00+00:00,19200.0699,19821.98,14386.0001,15361.5101,69815.4178284,-0.3453,,0,EITHER,EITHER,EITHER,EITHER,EITHER,EITHER,EITHER,EITHER,EITHER,EITHER,0.0,0.0,0.0,,,,,0.9447,0.9283,,,0.0,0.0,0.0,0.0,0.0,,,,,0.9283,0.9563,,,0.0,0.0,0.0,0.0,0.0,,,,,,0.0,0.0,0.0,0.0,0.0,0.0,,,,0.0,0.0,0.0,0.0,0.0,0.0,,,,,0.0,0.0,0.0,0.0,,,0,,,0.0,0.0,0.0,0.0,0.0,,,,,,,,,,,0.0,0.0,0.0,0.0,0.0,0.0,0.0,0.0,0.0,0.0,0.0,0.0
10,2017-12-18 00:00:00+00:00,12570.2701,19414.86,11088.04,19200.0699,140968.6388751,0.0522,,1,EITHER,EITHER,EITHER,EITHER,EITHER,EITHER,EITHER,EITHER,EITHER,EITHER,0.0,0.0,0.0,,,,,0.8667,0.7306,,,0.0,0.0,0.0,0.0,0.0,,,,,0.7306,0.4004,,,0.0,0.0,0.0,0.0,0.0,,,,,,0.0,0.0,0.0,0.0,0.0,0.0,,,,0.0,0.0,0.0,0.0,0.0,0.0,,,,,0.0,0.0,0.0,0.0,,,0,,,0.0,0.0,0.0,0.0,0.0,,,,,,,,,,,0.0,-1.0,0.0,0.0,0.0,0.0,0.0,0.0,0.0,0.0,0.0,0.0
11,2017-12-25 00:00:00+00:00,13234.7098,16500.0,11843.8542,12578.6502,139406.66163378,0.2456,,1,EITHER,EITHER,EITHER,EITHER,EITHER,EITHER,EITHER,EITHER,EITHER,EITHER,0.0,0.0,0.0,,,,,0.7478,0.5845,,,0.0,0.0,0.0,0.0,0.0,,,,,0.5845,0.3969,,,0.0,0.0,0.0,0.0,0.0,,,,,,0.0,0.0,0.0,0.0,0.0,0.0,,,,0.0,0.0,0.0,0.0,1.0,0.0,,,,,0.0,0.0,0.0,0.0,,,0,,,0.0,0.0,0.0,0.0,0.0,,,,,,,,,,,0.0,0.0,0.0,0.0,0.0,0.0,0.0,1.0,0.0,0.0,0.0,0.0
12,2018-01-01 00:00:00+00:00,16484.5069,17137.4802,12752.9802,13234.7098,185002.13953856,-0.2329,,0,EITHER,EITHER,EITHER,EITHER,EITHER,EITHER,EITHER,EITHER,EITHER,EITHER,0.0,0.0,0.0,,,,,0.5982,0.4795,,,-0.5,0.0,0.0,0.0,0.0,,,,,0.4795,0.6411,,,0.0,0.0,0.0,0.0,0.0,,,,,,0.0,0.0,0.0,0.0,1.0,0.0,,,,0.0,0.0,0.0,0.0,0.0,0.0,,,,,0.0,0.0,0.0,0.0,,,0,,,0.0,0.0,0.0,0.0,0.0,,,,,,,,,,,0.0,0.0,0.0,0.0,0.0,0.0,0.0,0.0,0.0,0.0,0.0,0.0
13,2018-01-08 00:00:00+00:00,12645.3397,16498.89,12559.5532,16484.5069,275663.46527438,-0.0917,,0,EITHER,EITHER,EITHER,EITHER,EITHER,EITHER,EITHER,EITHER,EITHER,EITHER,-1.0,0.0,-1.0,,,,,0.4898,0.4054,,,0.0,0.0,0.0,0.0,0.0,-0.3621,,,,0.4054,0.1783,,,0.0,0.0,0.0,0.0,0.0,,,,,,0.0,0.0,0.0,0.0,-1.0,0.0,,,,0.0,0.0,0.0,0.0,0.0,0.0,,,,,0.0,0.0,0.0,0.0,,,0,,,0.0,0.0,0.0,0.0,0.0,0.0588,,,,,,,,,,0.0,-1.0,0.0,0.0,0.0,0.0,0.0,0.0,0.0,0.0,0.0,0.0
14,2018-01-15 00:00:00+00:00,11485.8445,14198.3399,9150.0,12645.3397,413358.29040992,0.0235,,1,EITHER,EITHER,EITHER,EITHER,EITHER,EITHER,EITHER,EITHER,EITHER,EITHER,0.0,0.0,0.0,0.1783,,0.5891,,0.4113,0.349,,,-1.0,0.0,0.0,0.0,0.0,-0.5662,,,,0.349,0.2276,,,0.0,0.0,0.0,0.0,0.0,0.6429,,,0.3551,,0.0,0.0,0.0,0.0,0.0,0.0,,,,0.0,0.0,0.0,0.0,-1.0,0.0,,,,,0.0,0.0,0.0,0.0,,,0,,,0.0,0.0,0.0,0.0,0.0,0.013,,,,,,,,0.2877,,0.0,0.0,0.0,0.0,0.0,0.0,0.0,0.0,0.0,0.0,0.0,0.0
15,2018-01-22 00:00:00+00:00,11753.0001,13891.0,9970.0,11483.3251,368089.02176968,-0.2481,,0,EITHER,EITHER,EITHER,EITHER,EITHER,EITHER,EITHER,EITHER,EITHER,EITHER,0.0,1.0,0.0,0.1857,,0.5928,,0.3328,0.2439,,,0.0,0.0,1.0,0.0,0.0,-0.5481,,,,0.2439,0.3259,,,0.0,0.0,0.0,0.0,0.0,0.3571,,,0.4725,,0.0,0.0,0.0,0.0,0.0,1.0,,,,0.0,0.0,0.0,0.0,1.0,0.0,,,,,0.0,0.0,0.0,0.0,,,0,,,0.0,0.0,0.0,0.0,0.0,0.0108,,,,,,,,0.2877,,0.0,0.0,0.0,0.0,0.0,0.0,0.0,0.0,0.0,0.0,0.0,1.0
16,2018-01-29 00:00:00+00:00,8837.6286,11944.0001,8050.0,11753.0001,520067.38917514,-0.0466,,0,EITHER,EITHER,EITHER,EITHER,EITHER,EITHER,EITHER,EITHER,EITHER,EITHER,0.0,0.0,0.0,0.0721,,0.536,,0.2688,0.2134,,,0.5,0.0,0.0,0.0,0.0,-0.7461,,,,0.2134,0.0867,,,0.0,0.0,0.0,0.0,0.0,0.3571,,,0.3911,,0.0,0.0,0.0,0.0,-1.0,0.0,,,,0.0,0.0,0.0,0.0,0.0,0.0,,,,,0.0,0.0,0.0,0.0,,,0,,,0.0,0.0,0.0,0.0,0.0,-0.0463,,,,,,,,0.163,,0.0,-1.0,0.0,0.0,0.0,0.0,0.0,0.0,0.0,0.0,0.0,0.0
17,2018-02-05 00:00:00+00:00,8426.0,9036.7861,6032.3096,8837.6286,627060.9148769,0.2574,,1,EITHER,EITHER,EITHER,EITHER,EITHER,EITHER,EITHER,EITHER,EITHER,EITHER,0.0,0.0,0.0,0.0567,,0.5283,,0.2237,0.2138,,,0.0,0.0,1.0,0.0,0.0,-0.7741,,,,0.2138,0.2287,,,0.0,0.0,1.0,0.0,0.0,0.3571,,,0.3341,,0.0,0.0,1.0,0.0,0.0,1.0,,,,0.0,0.0,0.0,1.0,0.0,0.0,,,,,0.0,0.0,0.0,0.0,,,0,,,0.0,0.0,0.0,0.0,0.0,-0.0906,,,,,,,,0.0481,,0.0,0.0,0.0,0.0,0.0,0.0,0.0,0.0,0.0,0.0,0.0,0.0
18,2018-02-12 00:00:00+00:00,10594.7503,11249.0,8024.0,8426.0,358549.53265564,-0.1128,,0,EITHER,EITHER,EITHER,EITHER,EITHER,EITHER,EITHER,EITHER,EITHER,EITHER,0.0,0.0,0.0,0.1278,,0.5639,,0.2395,0.2914,,,0.0,0.0,0.0,0.0,0.0,-0.6484,,,,0.2914,0.5587,,,0.0,0.0,0.0,0.0,0.0,0.3571,,,0.3984,,0.0,0.0,0.0,0.0,0.0,0.0,,,,0.0,0.0,0.0,0.0,0.0,1.0,,,,,0.0,0.0,0.0,0.0,,,0,,,0.0,0.0,0.0,0.0,0.0,-0.0512,,,,,,,,0.1475,,0.0,0.0,0.0,0.0,0.0,0.0,0.0,0.0,0.0,0.0,0.0,0.0
19,2018-02-19 00:00:00+00:00,9399.9898,11774.0,9285.0001,10594.7503,344933.94116646,0.188,,1,EITHER,EITHER,EITHER,EITHER,EITHER,EITHER,EITHER,EITHER,EITHER,EITHER,0.0,0.0,0.0,0.0795,,0.5398,,0.3035,0.4053,,,0.0,0.0,0.0,0.0,0.0,-0.7558,,,,0.4053,0.4285,,,0.0,0.0,0.0,0.0,0.0,0.2857,,,0.4482,,0.0,0.0,0.0,0.0,0.0,0.0,,,,0.0,0.0,0.0,0.0,0.0,0.0,,,,,0.0,0.0,0.0,0.0,,,0,,,0.0,0.0,0.0,0.0,0.0,-0.0557,,,,,,,,0.1697,,0.0,0.0,0.0,0.0,0.0,0.0,0.0,0.0,0.0,0.0,0.0,0.0
20,2018-02-26 00:00:00+00:00,11142.14,11520.0,9291.99,9378.5824,351180.25252198,-0.186,,0,EITHER,EITHER,EITHER,EITHER,EITHER,EITHER,EITHER,EITHER,EITHER,EITHER,0.0,0.0,0.0,0.1375,,0.5687,,0.438,0.6172,,,0.0,0.0,0.0,0.0,0.0,-0.6294,,,,0.6172,0.8644,,,0.0,0.0,0.0,0.0,0.0,-0.5714,,,0.4925,,0.0,0.0,0.0,0.0,0.0,0.0,,,,0.0,0.0,0.0,0.0,0.0,1.0,,,,,0.0,0.0,0.0,1.0,,,0,,,0.0,0.0,0.0,0.0,0.0,-0.0484,,,,,,,,0.1697,,0.0,0.0,0.0,0.0,0.0,0.0,0.0,0.0,0.0,0.0,0.0,0.0
21,2018-03-05 00:00:00+00:00,9062.7298,11684.6727,8350.0,11133.3811,377245.19826542,-0.1865,,0,EITHER,EITHER,EITHER,EITHER,EITHER,EITHER,EITHER,EITHER,EITHER,EITHER,0.0,0.0,0.0,0.0523,,0.5262,,0.5431,0.6069,,,0.0,0.0,0.0,0.0,0.0,-0.7802,,,,0.6069,0.5278,,,0.0,0.0,0.0,0.0,0.0,-0.5714,,,0.4392,,0.0,0.0,0.0,0.0,-1.0,0.0,,,,0.0,0.0,0.0,0.0,0.0,0.0,,,,,0.0,0.0,0.0,0.0,,,0,,,0.0,0.0,0.0,0.0,0.0,-0.0718,,0.2677,0.0,,,,,0.1096,,0.0,0.0,0.0,0.0,0.0,0.0,0.0,0.0,0.0,0.0,0.0,0.0
22,2018-03-12 00:00:00+00:00,7380.8442,9890.0,7319.0,9072.8786,283541.23449942,0.1472,,1,EITHER,EITHER,EITHER,EITHER,EITHER,EITHER,EITHER,EITHER,EITHER,EITHER,0.0,0.0,0.0,-0.0121,,0.4939,,0.5643,0.4687,,,0.0,0.0,0.0,0.0,0.0,-0.9022,,,,0.4687,0.0139,0.3156,0.0978,0.0,0.0,0.0,0.0,0.0,-0.5714,,,0.4037,,0.0,0.0,0.0,0.0,0.0,0.0,,,,0.0,0.0,0.0,0.0,0.0,-1.0,,,,,0.0,0.0,0.0,0.0,,,0,,,0.0,0.0,0.0,0.0,0.0,-0.1011,,0.2087,0.0,,,,,0.0463,,0.0,0.0,0.0,0.0,0.0,0.0,0.0,0.0,0.0,0.0,0.0,0.0
23,2018-03-19 00:00:00+00:00,8478.0664,9178.9999,7325.8001,7390.0922,260766.84532694,-0.2384,,0,DOWN,DOWN,DOWN,DOWN,DOWN,DOWN,EITHER,EITHER,EITHER,EITHER,0.0,0.0,0.0,0.0296,,0.5148,,0.4476,0.2673,,,0.0,0.0,0.0,0.0,0.0,-0.8172,,,,0.2673,0.2602,0.2709,0.1774,0.0,0.0,0.0,0.0,0.0,-0.5714,,,0.4151,,0.0,0.0,0.0,0.0,0.0,0.0,,,,0.0,0.0,0.0,0.0,0.0,1.0,,,,,0.0,0.0,0.0,0.0,,,0,,,0.0,0.0,0.0,0.0,0.0,-0.0899,,0.093,0.279,,,,,0.0463,,0.0,0.0,0.0,0.0,0.0,0.0,0.0,0.0,0.0,0.0,0.0,0.0
24,2018-03-26 00:00:00+00:00,6449.8078,8664.0179,6439.7597,8468.4281,303527.57016764,0.0916,,1,UP,UP,EITHER,EITHER,EITHER,EITHER,EITHER,EITHER,EITHER,EITHER,-1.0,0.0,-1.0,-0.0485,,0.4758,,0.276,0.092,,,0.5,0.0,0.0,0.0,0.0,-0.9624,,,,0.092,0.0019,0.2242,0.0312,0.0,0.0,0.0,0.0,0.0,-0.5,,,0.4138,,0.0,0.0,0.0,0.0,-1.0,0.0,,,,0.0,0.0,0.0,0.0,0.0,0.0,,,,,0.0,0.0,0.0,0.0,,,0,,,0.0,0.0,0.0,0.0,0.0,-0.1154,,0.093,0.0,,,,,0.01,,0.0,-1.0,0.0,0.0,0.0,0.0,0.0,0.0,0.0,0.0,0.0,0.0
25,2018-04-02 00:00:00+00:00,7041.0,7504.509,6432.8911,6450.2031,265409.4575286,0.176,,1,UP,UP,UP,UP,EITHER,EITHER,EITHER,EITHER,EITHER,EITHER,0.0,0.0,0.0,-0.0241,,0.488,,0.1617,0.126,,,0.0,0.0,0.0,0.0,0.0,-0.9092,,,,0.126,0.1158,0.206,0.0908,0.0,0.0,0.0,0.0,0.0,-0.3571,,,0.4144,,0.0,0.0,0.0,0.0,0.0,0.0,,,,0.0,0.0,0.0,0.0,0.0,1.0,,,,,0.0,0.0,0.0,0.0,,,0,,,0.0,0.0,0.0,0.0,0.0,-0.1114,,0.1367,0.1311,,,,,0.0104,,0.0,0.0,0.0,0.0,0.0,0.0,0.0,1.0,0.0,0.0,0.0,0.0
26,2018-04-09 00:00:00+00:00,8275.98,8400.0,6620.0,7037.1983,270517.2536527,0.0809,,1,UP,UP,EITHER,EITHER,EITHER,EITHER,EITHER,EITHER,EITHER,EITHER,0.0,0.0,0.0,0.0268,,0.5134,,0.145,0.2169,,,0.0,0.0,0.0,0.0,0.0,-0.7856,,,,0.2169,0.5331,0.2034,0.202,0.0,0.0,0.0,0.0,0.0,-0.3571,,,0.4052,,0.0,0.0,0.0,0.0,0.0,0.0,,,,0.0,0.0,0.0,0.0,0.0,1.0,,,,,0.0,0.0,0.0,0.0,,,0,,,0.0,0.0,0.0,0.0,0.0,-0.0757,,0.2928,0.7471,,,,,0.0495,,0.0,0.0,0.0,0.0,0.0,0.0,0.0,0.0,0.0,0.0,0.0,0.0
27,2018-04-16 00:00:00+00:00,8939.0,9034.9899,7826.0,8270.0,216696.0661333,0.0414,,1,UP,EITHER,EITHER,EITHER,EITHER,EITHER,EITHER,EITHER,EITHER,EITHER,0.0,0.0,0.0,0.054,,0.527,,0.2878,0.5205,,,0.0,0.0,0.0,0.0,0.0,-0.6441,,,,0.5205,0.9126,0.1928,0.2777,0.0,0.0,0.0,0.0,0.0,-0.2857,,-0.08,0.463,,0.0,0.0,0.0,0.0,0.0,0.0,,,,0.0,0.0,0.0,0.0,0.0,1.0,,,,,0.0,0.0,0.0,0.0,,,0,,,0.0,0.0,0.0,0.0,0.0,-0.0288,,0.6261,1.0,,,0.1169,,0.0907,,0.0,0.0,0.0,0.0,0.0,0.0,0.0,0.0,0.0,0.0,0.0,0.0
28,2018-04-23 00:00:00+00:00,9299.7349,9758.3399,8652.9301,8930.0,314649.85521252,0.0206,,1,UP,EITHER,EITHER,EITHER,EITHER,EITHER,EITHER,EITHER,EITHER,EITHER,0.0,0.0,0.0,0.0693,,0.5346,,0.5022,0.7693,,,0.0,0.0,0.0,0.0,0.0,-0.5842,,,,0.7693,0.8621,0.2075,0.4001,0.0,0.0,0.0,0.0,0.0,-0.2143,,-0.1069,0.5486,,0.0,0.0,0.0,0.0,0.0,0.0,,,,0.0,0.0,0.0,0.0,0.0,0.0,,,,,0.0,0.0,0.0,0.0,,,0,0.4587,,0.0,0.0,0.0,0.0,0.0,0.0133,,0.9157,1.0,,,0.1183,,0.1366,,0.0,0.0,0.0,0.0,0.0,0.0,0.0,0.0,0.0,0.0,0.0,0.0
29,2018-04-30 00:00:00+00:00,9510.0,9997.0,8827.4729,9318.0,243891.39886342,-0.0955,,0,DOWN,DOWN,DOWN,EITHER,EITHER,EITHER,EITHER,EITHER,EITHER,EITHER,0.0,1.0,0.0,0.0786,,0.5393,,0.723,0.8794,,,0.0,0.0,1.0,0.0,0.0,-0.4117,,,,0.8794,0.8634,0.2155,0.4425,0.0,0.0,0.0,0.0,0.0,-0.1429,,-0.1338,0.5265,,0.0,0.0,0.0,0.0,0.0,1.0,,,,0.0,0.0,0.0,0.0,1.0,0.0,,,,,0.0,0.0,0.0,0.0,,,0,0.5279,,0.0,0.0,0.0,0.0,0.0,0.0413,,1.0,1.0,,,0.1207,,0.1518,,0.0,0.0,0.0,0.0,0.0,0.0,0.0,0.0,0.0,0.0,0.0,1.0
30,2018-05-07 00:00:00+00:00,8602.0,9690.0,8123.9001,9510.0,261108.42825676,-0.0262,,0,DOWN,EITHER,EITHER,EITHER,EITHER,EITHER,EITHER,EITHER,EITHER,EITHER,0.0,0.0,0.0,0.0306,,0.5153,,0.8065,0.7708,0.2306,0.2394,0.0,0.0,0.0,0.0,0.0,-0.5525,,,,0.7708,0.5869,0.2394,0.4347,0.0,0.0,0.0,0.0,0.0,-0.0714,,-0.1436,0.5626,,0.0,0.0,0.0,0.0,0.0,0.0,,,,0.0,0.0,0.0,0.0,0.0,0.0,,,,,0.0,0.0,0.0,0.0,,,0,0.5057,,0.0,0.0,0.0,0.0,0.0,0.0022,,0.8442,0.5327,,,0.1185,,0.0908,,0.0,0.0,0.0,0.0,0.0,0.0,0.0,0.0,0.0,0.0,0.0,0.0
31,2018-05-14 00:00:00+00:00,8391.038,8877.136,7918.0906,8617.0549,212776.63149498,-0.1245,,0,DOWN,DOWN,DOWN,DOWN,EITHER,EITHER,EITHER,EITHER,EITHER,EITHER,0.0,0.0,0.0,0.0193,,0.5096,,0.7401,0.5702,0.226,0.2741,0.0,0.0,0.0,0.0,0.0,-0.6334,,,,0.5702,0.2603,0.2741,0.4108,0.0,0.0,0.0,0.0,0.0,0.1429,,-0.1467,0.611,,0.0,0.0,0.0,0.0,0.0,0.0,,,,0.0,0.0,0.0,0.0,-1.0,0.0,,,,,0.0,0.0,0.0,0.0,,,0,0.5663,,0.0,0.0,0.0,0.0,0.0,-0.0313,,0.5109,0.0,,,0.1153,,0.0729,,0.0,0.0,0.0,0.0,0.0,0.0,0.0,0.0,0.0,0.0,0.0,0.0
32,2018-05-21 00:00:00+00:00,7340.7984,8604.7392,6002.0,8384.6317,182104.86141805,0.0531,,1,UP,UP,EITHER,EITHER,EITHER,EITHER,EITHER,EITHER,EITHER,EITHER,0.0,0.0,0.0,-0.0375,,0.4812,,0.5784,0.3941,0.227,0.2802,0.0,0.0,0.0,0.0,0.0,-0.7681,,,,0.3941,0.3351,0.2802,0.2319,0.0,0.0,0.0,0.0,0.0,-0.9286,,-0.1727,0.5463,,0.0,0.0,0.0,0.0,0.0,0.0,,,,0.0,0.0,0.0,0.0,0.0,0.0,0.1973,,0.0893,0.1523,0.0,0.0,0.0,0.0,,,0,0.5428,,0.0,0.0,0.0,0.0,0.0,-0.0981,,0.1776,0.0,,,0.1127,,0.0787,,0.0,0.0,0.0,0.0,0.0,0.0,0.0,0.0,0.0,0.0,0.0,0.0
33,2018-05-28 00:00:00+00:00,7726.988,7774.0223,7006.74,7337.13,168555.79721578,-0.0652,,0,DOWN,DOWN,DOWN,EITHER,EITHER,EITHER,EITHER,EITHER,EITHER,EITHER,0.0,0.0,0.0,-0.0151,,0.4924,,0.4356,0.3424,0.2365,0.3099,0.0,0.0,0.0,0.0,0.0,-0.6964,,,,0.3424,0.4318,0.3099,0.2989,0.0,0.0,0.0,0.0,0.0,-0.9286,,-0.1842,0.5144,,0.0,0.0,0.0,0.0,0.0,0.0,,,,0.0,0.0,0.0,0.0,0.0,1.0,0.2063,,0.1332,0.0529,0.0,0.0,0.0,0.0,,,0,0.5382,,0.0,0.0,0.0,0.0,0.0,-0.075,,0.0643,0.1929,,,0.1102,,0.0787,,0.0,0.0,0.0,0.0,0.0,0.0,0.0,0.0,0.0,0.0,0.0,0.0
34,2018-06-04 00:00:00+00:00,7223.04,7764.7769,7165.8433,7726.968000000002,153428.17131152,-0.0977,,0,DOWN,DOWN,DOWN,DOWN,EITHER,EITHER,EITHER,EITHER,EITHER,EITHER,0.0,0.0,0.0,-0.0441,,0.4779,,0.3675,0.366,0.2496,0.3237,0.0,0.0,0.0,0.0,0.0,-0.7851,,,,0.366,0.3311,0.3237,0.2149,0.0,0.0,0.0,0.0,0.0,-0.7857,,-0.2064,0.4321,,0.0,0.0,0.0,0.0,0.0,0.0,,,,0.0,0.0,0.0,0.0,0.0,-1.0,0.2137,,0.1301,-0.1173,0.0,0.0,0.0,0.0,,,0,0.4781,,0.0,0.0,0.0,0.0,0.0,-0.0752,,0.0643,0.0,,,0.108,,0.0787,,0.0,0.0,0.0,0.0,0.0,0.0,0.0,0.0,0.0,0.0,0.0,0.0
35,2018-06-11 00:00:00+00:00,6517.2467,7230.0,6098.1161,7223.0401,201071.12294693,-0.1136,,0,DOWN,DOWN,DOWN,DOWN,EITHER,EITHER,EITHER,EITHER,EITHER,EITHER,0.0,0.0,0.0,-0.0848,,0.4576,,0.3408,0.314,0.2616,0.3114,0.5,0.0,0.0,0.0,0.0,-0.871,,,,0.314,0.1792,0.3114,0.0907,0.0,0.0,0.0,0.0,0.0,-0.7857,,-0.2098,0.4696,,0.0,0.0,0.0,0.0,0.0,0.0,,,,0.0,0.0,0.0,0.0,0.0,0.0,0.2176,,0.0368,-0.2202,0.0,0.0,0.0,0.0,,,0,0.4687,,0.0,0.0,0.0,0.0,0.0,-0.1246,,0.0643,0.0,,,0.1118,,0.1612,,0.0,-1.0,0.0,0.0,0.0,0.0,0.0,0.0,0.0,0.0,0.0,0.0
36,2018-06-18 00:00:00+00:00,5776.1518,6834.9658,5750.816,6516.538000000001,165194.01159279,0.0929,,1,UP,UP,UP,UP,EITHER,EITHER,EITHER,EITHER,EITHER,EITHER,0.0,0.0,-1.0,-0.1268,,0.4366,,0.2844,0.1731,0.2714,0.2812,0.0,0.0,0.0,0.0,0.0,-0.994,,,,0.1731,0.0089,0.2812,0.006,0.0,0.0,0.0,0.0,0.0,-0.5,,-0.1937,0.4938,,0.0,0.0,0.0,0.0,-1.0,0.0,,,,0.0,0.0,0.0,0.0,0.0,0.0,0.2174,,-0.0479,-0.1935,0.0,0.0,0.0,0.0,,,0,0.4339,,0.0,0.0,0.0,0.0,0.0,-0.138,,-0.0,0.0,,,0.1171,,0.1867,,0.0,0.0,0.0,0.0,0.0,0.0,0.0,0.0,0.0,0.0,0.0,0.0
37,2018-06-25 00:00:00+00:00,6313.0,6516.6796,5766.4752,5776.151999999999,160121.14595829998,0.0676,,1,UP,UP,UP,EITHER,EITHER,EITHER,EITHER,EITHER,EITHER,EITHER,0.0,0.0,0.0,-0.0879,,0.4561,,0.2141,0.1553,0.2763,0.2514,0.0,0.0,0.0,0.0,0.0,-0.8676,,,,0.1553,0.2779,0.2514,0.1324,0.0,0.0,0.0,0.0,0.0,-0.5,,-0.1703,0.4693,,0.0,0.0,0.0,0.0,0.0,0.0,,,,0.0,0.0,0.0,0.0,0.0,1.0,0.2146,,-0.1143,-0.1248,0.0,0.0,0.0,0.0,,,0,0.4572,,0.0,0.0,0.0,0.0,0.0,-0.1126,,0.1163,0.3488,,,0.1221,,0.1867,,0.0,0.0,0.0,0.0,0.0,0.0,0.0,1.0,0.0,0.0,0.0,0.0
38,2018-07-02 00:00:00+00:00,6738.9467,6829.9999,6272.4309,6312.4583,145841.23870346,-0.0524,,0,DOWN,DOWN,EITHER,EITHER,EITHER,EITHER,EITHER,EITHER,EITHER,EITHER,0.0,0.0,0.0,-0.0567,,0.4717,,0.1958,0.2591,0.2777,0.2281,-0.5,0.0,0.0,0.0,0.0,-0.7673,,,,0.2591,0.4906,0.2281,0.2327,0.0,0.0,0.0,0.0,0.0,-0.5,,-0.1489,0.5356,,0.0,0.0,0.0,0.0,0.0,0.0,,,,0.0,0.0,0.0,0.0,0.0,1.0,0.2108,,-0.1328,-0.0176,0.0,0.0,0.0,0.0,,,0,0.4977,,0.0,0.0,0.0,0.0,0.0,-0.0751,,0.3257,0.6282,,,0.1241,,0.1501,,1.0,0.0,0.0,0.0,0.0,0.0,0.0,0.0,0.0,0.0,0.0,0.0
39,2018-07-09 00:00:00+00:00,6388.0,6801.0389,6075.4434,6741.3645,140457.17757889,0.178,,1,UP,UP,UP,UP,UP,UP,EITHER,EITHER,EITHER,EITHER,0.0,0.0,0.0,-0.0801,,0.46,,0.2714,0.3998,0.2729,0.1965,0.0,0.0,0.0,0.0,0.0,-0.8499,,,,0.3998,0.4308,0.1965,0.1501,0.0,0.0,0.0,0.0,0.0,-0.5,,-0.1305,0.5586,,0.0,0.0,0.0,0.0,0.0,0.0,,,,0.0,0.0,0.0,0.0,0.0,0.0,0.2061,,-0.1053,0.0067,0.0,0.0,0.0,0.0,,,0,0.4842,,0.0,0.0,0.0,0.0,0.0,-0.0829,,0.5141,0.5654,,,0.1272,,0.1675,,0.0,0.0,0.0,0.0,0.0,0.0,0.0,0.0,0.0,0.0,0.0,0.0
40,2018-07-16 00:00:00+00:00,7522.4536,7696.3044,6331.846,6386.0,164096.67846825,0.0935,,1,UP,UP,UP,UP,EITHER,EITHER,EITHER,EITHER,EITHER,EITHER,0.0,0.0,0.0,0.0058,,0.5029,,0.4232,0.6107,0.2644,0.1972,0.0,0.0,0.0,0.0,0.0,-0.5828,,,,0.6107,0.9106,0.1972,0.4172,0.0,0.0,0.0,0.0,0.0,-0.5,,-0.104,0.5395,,0.0,0.0,0.0,0.0,1.0,0.0,,,,0.0,0.0,0.0,0.0,0.0,0.0,0.2008,,-0.1178,-0.0052,0.0,0.0,0.0,1.0,,,0,0.4953,,0.0,0.0,0.0,0.0,0.0,-0.0263,,0.7312,1.0,,,0.1225,,0.0613,,0.0,1.0,0.0,0.0,0.0,0.0,0.0,0.0,0.0,0.0,0.0,0.0
41,2018-07-23 00:00:00+00:00,8230.8345,8488.8888,7342.0,7527.2053,191803.60198886,-0.1488,,0,DOWN,DOWN,DOWN,DOWN,DOWN,DOWN,EITHER,EITHER,EITHER,EITHER,0.0,0.0,0.0,0.0563,,0.5281,,0.5864,0.7489,0.2595,0.2363,0.0,0.0,0.0,0.0,0.0,-0.4159,-0.5848,,,0.7489,0.9052,0.2363,0.5841,0.0,0.0,0.0,0.0,0.0,-0.5,,-0.0931,0.5323,,0.0,0.0,0.0,0.0,0.0,0.0,,,,0.0,0.0,0.0,0.0,0.0,0.0,0.1956,,-0.127,0.0435,0.0,0.0,0.0,0.0,,,0,0.545,,0.0,1.0,0.0,0.0,0.0,0.0371,-0.0288,0.8551,1.0,,,0.1154,,0.0234,,0.0,0.0,0.0,0.0,0.0,0.0,0.0,0.0,0.0,0.0,0.0,0.0
42,2018-07-30 00:00:00+00:00,7002.0109,8282.8438,6877.4196,8226.1004,207020.90068025,-0.0977,,0,DOWN,DOWN,DOWN,DOWN,EITHER,EITHER,EITHER,EITHER,EITHER,EITHER,0.0,0.0,0.0,-0.0352,0.0195,0.4824,0.5098,0.6976,0.7333,0.2513,0.2358,0.0,0.0,0.0,0.0,0.0,-0.7053,-0.8708,,,0.7333,0.3839,0.2358,0.2947,0.0,0.0,0.0,0.0,0.0,-0.5,0.2143,-0.0955,0.4213,0.4732,0.0,1.0,0.0,0.0,-1.0,0.0,,,,0.0,0.0,0.0,0.0,0.0,0.0,0.1917,,-0.0949,0.1216,0.0,0.0,0.0,0.0,,,0,0.4948,,0.0,0.0,0.0,0.0,0.0,0.0001,-0.0508,0.7884,0.3653,,,0.109,,0.0257,0.0538,0.0,-1.0,0.0,0.0,0.0,0.0,0.0,0.0,0.0,0.0,0.0,0.0
43,2018-08-06 00:00:00+00:00,6319.6237,7151.0,5988.4683,7003.9196,514065.37613498,0.0138,,1,UP,EITHER,EITHER,EITHER,EITHER,EITHER,EITHER,EITHER,EITHER,EITHER,0.0,0.0,0.0,-0.0827,0.0076,0.4586,0.5038,0.652,0.4739,0.2405,0.2269,0.0,0.0,0.0,0.0,0.0,-0.8556,-0.9172,,,0.4739,0.1324,0.2269,0.134,0.0,0.0,0.0,0.0,0.0,-0.5,0.119,-0.102,0.2883,0.4549,0.0,0.0,0.0,0.0,0.0,0.0,,,,0.0,0.0,0.0,0.0,0.0,0.0,0.1898,,-0.0174,0.1336,0.0,0.0,0.0,0.0,,,0,0.5094,,0.0,0.0,0.0,0.0,0.0,-0.07,-0.0785,0.4551,0.0,,,0.1093,,0.1133,0.0304,0.0,0.0,0.0,0.0,0.0,0.0,0.0,0.0,0.0,0.0,0.0,0.0
44,2018-08-13 00:00:00+00:00,6406.4231,6616.0,5880.0,6319.3737,481179.59648012,0.0412,,1,UP,UP,EITHER,EITHER,EITHER,EITHER,EITHER,EITHER,EITHER,EITHER,0.0,1.0,0.0,-0.0755,0.0091,0.4623,0.5046,0.4822,0.2394,0.2321,0.2353,0.0,0.0,1.0,0.0,0.0,-0.7903,-0.9113,,,0.2394,0.2018,0.2353,0.1664,0.0,0.0,0.0,0.0,0.0,-0.4286,0.119,-0.112,0.2784,0.4396,0.0,0.0,0.0,0.0,0.0,1.0,,,,0.0,0.0,0.0,0.0,1.0,0.0,0.1903,,0.0188,0.0942,0.0,0.0,0.0,0.0,,,0,0.5206,,0.0,0.0,0.0,0.0,0.0,-0.077,-0.0848,0.1392,0.0522,,,0.1103,,0.1237,0.0275,0.0,0.0,0.0,0.0,0.0,0.0,0.0,0.0,0.0,0.0,0.0,1.0
45,2018-08-20 00:00:00+00:00,6675.2117,6875.7699,6228.0,6411.0097,191903.52985902,0.0814,,1,UP,UP,UP,UP,EITHER,EITHER,EITHER,EITHER,EITHER,EITHER,0.0,0.0,0.0,-0.0519,0.0139,0.474,0.5069,0.3087,0.213,0.2305,0.2675,0.0,0.0,0.0,0.0,0.0,-0.6761,-0.893,,,0.213,0.3048,0.2675,0.2957,0.0,0.0,0.0,0.0,0.0,-0.3571,0.119,-0.1206,0.3462,0.4473,0.0,0.0,0.0,0.0,0.0,0.0,,,,0.0,0.0,0.0,0.0,0.0,0.0,0.1924,,0.0589,0.088,0.0,0.0,0.0,0.0,,,0,0.5149,,0.0,0.0,0.0,0.0,0.0,-0.0357,-0.0756,0.0912,0.2213,,,0.109,,0.0908,0.0341,0.0,0.0,0.0,0.0,0.0,0.0,0.0,0.0,0.0,0.0,0.0,0.0
46,2018-08-27 00:00:00+00:00,7219.1187,7345.6789,6631.2014,6675.9572,159586.32207491,-0.1174,,0,DOWN,DOWN,DOWN,DOWN,DOWN,EITHER,EITHER,EITHER,EITHER,EITHER,0.0,0.0,0.0,-0.0041,0.0236,0.4979,0.5118,0.269,0.3546,0.237,0.3099,0.0,0.0,0.0,0.0,0.0,-0.4637,-0.8856,,,0.3546,0.5573,0.3099,0.5145,0.0,0.0,0.0,0.0,0.0,-0.2857,0.119,-0.108,0.4044,0.4544,0.0,0.0,0.0,0.0,0.0,0.0,,,,0.0,0.0,0.0,0.0,0.0,1.0,0.1951,,0.1068,-0.0166,0.0,0.0,0.0,0.0,,,0,0.5389,,0.0,0.0,0.0,0.0,0.0,0.0292,-0.0623,0.2796,0.5654,,,0.1035,,0.032,0.046,0.0,0.0,0.0,0.0,0.0,0.0,0.0,0.0,0.0,0.0,0.0,0.0
47,2018-09-03 00:00:00+00:00,6371.2931,7414.8285,6101.0,7219.1187,231018.84599185,0.0175,,1,UP,EITHER,EITHER,EITHER,EITHER,EITHER,EITHER,EITHER,EITHER,EITHER,0.0,0.0,0.0,-0.0747,0.0077,0.4626,0.5039,0.3206,0.3941,0.2461,0.3092,0.0,0.0,0.0,0.0,0.0,-0.7734,-0.9559,,,0.3941,0.3201,0.3092,0.2266,0.0,0.0,0.0,0.0,0.0,0.3571,0.0952,-0.108,0.3386,0.4462,0.0,0.0,0.0,0.0,0.0,0.0,,,,0.0,0.0,0.0,0.0,0.0,0.0,0.1982,,0.0496,-0.15,0.0,0.0,0.0,0.0,,,0,0.4543,,0.0,0.0,0.0,0.0,0.0,-0.0238,-0.0748,0.296,0.1014,,,0.1026,,0.0915,0.0313,0.0,0.0,0.0,0.0,0.0,0.0,0.0,0.0,0.0,0.0,0.0,0.0
48,2018-09-10 00:00:00+00:00,6481.0387,6584.6552,6167.8304,6369.5117,146830.40323001,0.0316,,1,UP,UP,EITHER,EITHER,EITHER,EITHER,EITHER,EITHER,EITHER,EITHER,0.0,0.0,0.0,-0.0642,0.0098,0.4679,0.5049,0.3906,0.423,0.26,0.3222,0.0,0.0,0.0,0.0,0.0,-0.7333,-0.9481,,,0.423,0.3916,0.3222,0.2667,0.0,0.0,0.0,0.0,0.0,0.3571,-0.6429,-0.0951,0.3418,0.4407,0.0,0.0,0.0,0.0,0.0,0.0,,,,0.0,0.0,0.0,0.0,0.0,0.0,0.2012,,-0.0409,-0.1222,0.0,0.0,0.0,0.0,,,0,0.4366,,0.0,0.0,0.0,0.0,0.0,-0.0513,-0.0783,0.3007,0.2353,,,0.1018,,0.0915,0.0313,0.0,0.0,0.0,0.0,0.0,0.0,0.0,0.0,0.0,0.0,0.0,0.0
49,2018-09-17 00:00:00+00:00,6687.794,6838.0,6119.8,6482.7145,179217.53829895,-0.0125,,0,DOWN,EITHER,EITHER,EITHER,EITHER,EITHER,EITHER,EITHER,EITHER,EITHER,0.0,0.0,0.0,-0.0435,0.0137,0.4783,0.5068,0.4011,0.3861,0.273,0.3139,0.0,0.0,0.0,0.0,0.0,-0.6578,-0.9334,,,0.3861,0.4466,0.3139,0.3422,0.0,0.0,0.0,0.0,0.0,0.3571,-0.6429,-0.083,0.4016,0.4397,0.0,0.0,0.0,0.0,0.0,0.0,,,,0.0,0.0,0.0,0.0,0.0,0.0,0.203,,-0.0691,-0.0312,0.0,0.0,0.0,0.0,,,0,0.5212,,0.0,0.0,0.0,0.0,0.0,-0.0273,-0.0716,0.2616,0.448,,,0.0985,,0.0555,0.0381,0.0,0.0,0.0,0.0,0.0,0.0,0.0,0.0,0.0,0.0,0.0,0.0
50,2018-09-24 00:00:00+00:00,6602.88,6816.3593,6330.0011,6686.68,162987.53727745,-0.0037,,0,EITHER,EITHER,EITHER,EITHER,EITHER,EITHER,EITHER,EITHER,EITHER,EITHER,0.0,1.0,0.0,-0.0517,0.012,0.4742,0.506,0.4053,0.4067,0.2782,0.2835,0.0,0.0,1.0,0.0,0.0,-0.6928,-0.9394,,,0.4067,0.382,0.2835,0.3112,0.0,0.0,0.0,0.0,0.0,0.3571,-0.6429,-0.0714,0.4525,0.4389,0.0,0.0,0.0,0.0,0.0,1.0,,,,0.0,0.0,0.0,0.0,-1.0,0.0,0.2039,,-0.0567,0.054,0.0,0.0,0.0,0.0,,,0,0.5742,,0.0,0.0,0.0,0.0,0.0,-0.0284,-0.0692,0.3367,0.3268,,,0.0954,,0.0555,0.0381,0.0,0.0,0.0,0.0,0.0,0.0,0.0,0.0,0.0,0.0,0.0,0.0
51,2018-10-01 00:00:00+00:00,6580.2288,6690.5242,6430.62,6604.3497,118006.59316967,-0.0305,,0,DOWN,DOWN,EITHER,EITHER,EITHER,EITHER,EITHER,EITHER,EITHER,EITHER,0.0,1.0,0.0,-0.054,0.0115,0.473,0.5058,0.3969,0.3978,0.2836,0.284,0.0,0.0,1.0,0.0,0.0,-0.7316,-0.9393,,,0.3978,0.3648,0.284,0.2989,0.0,0.0,1.0,0.0,0.0,0.2857,-0.6429,-0.0601,0.4086,0.4278,0.0,0.0,0.0,0.0,0.0,1.0,,,,0.0,0.0,0.0,1.0,-1.0,-1.0,0.2039,,-0.0011,0.0654,0.0,0.0,0.0,0.0,,,0,0.5585,,0.0,0.0,1.0,0.0,0.0,-0.0373,-0.0694,0.3562,0.2939,,,0.0926,,0.0555,0.0381,0.0,0.0,0.0,0.0,0.0,0.0,0.0,0.0,0.0,0.0,0.0,-1.0
52,2018-10-08 00:00:00+00:00,6379.371,6698.25,6206.6841,6580.2964,90029.27728214,0.0413,,1,UP,UP,UP,EITHER,EITHER,EITHER,EITHER,EITHER,EITHER,EITHER,0.0,0.0,0.0,-0.0756,0.0074,0.4622,0.5037,0.3913,0.3694,0.2907,0.2904,0.0,0.0,0.0,0.0,0.0,-0.8086,-0.9448,,,0.3694,0.3614,0.2904,0.1914,0.0,0.0,0.0,0.0,0.0,-0.2143,-0.619,-0.0633,0.3682,0.4345,0.0,0.0,0.0,0.0,0.0,0.0,,,,0.0,0.0,0.0,0.0,0.0,-1.0,0.2027,,0.0062,-0.0078,0.0,0.0,0.0,0.0,,,0,0.5335,,0.0,0.0,0.0,0.0,0.0,-0.0589,-0.0735,0.2069,0.0,,,0.0923,,0.0887,0.0312,0.0,0.0,0.0,0.0,0.0,0.0,0.0,0.0,0.0,0.0,0.0,0.0
53,2018-10-15 00:00:00+00:00,6645.324000000001,8100.0,6300.0,6382.0519,177156.61123182,-0.0238,,0,DOWN,DOWN,EITHER,EITHER,EITHER,EITHER,EITHER,EITHER,EITHER,EITHER,0.0,0.0,0.0,-0.0417,0.0129,0.4792,0.5064,0.3659,0.3305,0.2984,0.3045,0.0,0.0,0.0,0.0,0.0,-0.7066,-0.9214,,,0.3305,0.2654,0.3045,0.2934,0.0,0.0,0.0,0.0,0.0,-0.2143,-0.5714,-0.059,0.4232,0.4514,0.0,0.0,0.0,0.0,0.0,0.0,,,,0.0,0.0,0.0,0.0,0.0,0.0,0.2006,,-0.0196,-0.0036,0.0,0.0,0.0,0.0,,,0,0.4329,,0.0,0.0,0.0,0.0,0.0,0.0374,-0.0486,0.4313,1.0,,,0.0943,,0.1196,0.0707,0.0,0.0,0.0,0.0,0.0,0.0,0.0,0.0,0.0,0.0,0.0,0.0
54,2018-10-22 00:00:00+00:00,6488.6887,6647.6854,6480.0,6646.5997,129154.5960061,-0.0008,,0,EITHER,EITHER,EITHER,EITHER,EITHER,EITHER,EITHER,EITHER,EITHER,EITHER,0.0,0.0,0.0,-0.0605,0.0095,0.4698,0.5048,0.3195,0.2586,0.3017,0.2976,0.0,0.0,0.0,0.0,0.0,-0.7667,-0.9313,,,0.2586,0.1489,0.2976,0.2333,0.0,0.0,0.0,0.0,0.0,-0.2143,-0.5714,-0.0609,0.3713,0.4296,0.0,0.0,0.0,0.0,0.0,0.0,,,,0.0,0.0,0.0,0.0,0.0,-1.0,0.1981,,-0.0064,0.0099,0.0,0.0,0.0,0.0,,,0,0.4369,,0.0,0.0,0.0,0.0,0.0,-0.041,-0.068,0.482,0.446,,,0.0961,,0.1196,0.0707,0.0,0.0,0.0,0.0,0.0,0.0,0.0,0.0,0.0,0.0,0.0,0.0
55,2018-10-29 00:00:00+00:00,6482.7258,6506.2724,6250.0,6488.1565,127505.60294949,-0.0154,,0,DOWN,EITHER,EITHER,EITHER,EITHER,EITHER,EITHER,EITHER,EITHER,EITHER,0.0,1.0,0.0,-0.0612,0.0094,0.4694,0.5047,0.2586,0.1867,0.2968,0.2661,0.5,0.0,1.0,0.0,0.0,-0.7492,-0.9134,,,0.1867,0.1458,0.2661,0.231,0.0,0.0,1.0,0.0,0.0,-0.2143,-0.5476,-0.0669,0.3053,0.4446,0.0,0.0,1.0,0.0,0.0,1.0,,,,0.0,0.0,0.0,1.0,-1.0,0.0,0.1959,,-0.0078,0.0005,0.0,0.0,0.0,0.0,,,0,0.4257,,0.0,0.0,1.0,0.0,0.0,-0.0687,-0.0736,0.6232,0.4237,,,0.0949,,0.0803,0.0632,0.0,0.0,0.0,0.0,0.0,0.0,0.0,0.0,0.0,0.0,0.0,-1.0
56,2018-11-05 00:00:00+00:00,6381.8021,6640.0,6357.0,6481.7282,138050.50379719,-0.1156,,0,DOWN,DOWN,DOWN,DOWN,DOWN,DOWN,DOWN,EITHER,EITHER,EITHER,0.0,0.0,0.0,-0.0748,0.0071,0.4626,0.5036,0.1915,0.1291,0.2918,0.2641,0.0,0.0,0.0,0.0,0.0,-0.774,-0.9225,,,0.1291,0.0925,0.2641,0.2088,0.0,0.0,0.0,0.0,0.0,-0.1429,-0.5238,-0.0593,0.3636,0.4765,0.0,0.0,0.0,1.0,0.0,0.0,,,,0.0,0.0,0.0,0.0,0.0,-1.0,0.1942,,-0.0038,0.0031,0.0,0.0,0.0,0.0,,,0,0.3803,,0.0,0.0,0.0,0.0,0.0,-0.0527,-0.0695,0.298,0.0243,,,0.0953,,0.1001,0.0671,0.0,0.0,0.0,0.0,0.0,0.0,0.0,0.0,0.0,0.0,0.0,0.0
57,2018-11-12 00:00:00+00:00,5644.0031,6499.0,5417.0069,6381.8019,224365.05042208,-0.3119,,0,DOWN,DOWN,DOWN,DOWN,DOWN,DOWN,DOWN,DOWN,DOWN,DOWN,0.0,0.0,0.0,-0.1691,-0.0095,0.4154,0.4953,0.1411,0.1076,0.2831,0.2439,0.0,0.0,0.0,0.0,0.0,-0.9154,-0.9652,,,0.1076,0.0846,0.2439,0.0846,0.0,0.0,0.0,0.0,0.0,-0.2857,-1.0,-0.0473,0.4079,0.4398,0.0,0.0,0.0,0.0,0.0,0.0,,,,0.0,0.0,0.0,0.0,0.0,0.0,0.1931,,-0.0075,-0.0029,0.0,0.0,0.0,0.0,,,0,0.3445,,0.0,0.0,0.0,0.0,0.0,-0.2411,-0.1055,0.1493,0.0,,,0.0924,,0.054,0.0363,0.0,0.0,0.0,0.0,0.0,0.0,0.0,0.0,0.0,0.0,0.0,0.0
58,2018-11-19 00:00:00+00:00,3883.615,5744.9996,3700.0,5643.9919,340999.44885847,0.0749,,1,UP,UP,UP,UP,UP,EITHER,EITHER,EITHER,EITHER,EITHER,0.0,0.0,0.0,-0.3417,-0.0478,0.3291,0.4761,0.1055,0.0798,0.2716,0.2105,0.0,0.0,0.0,0.0,0.0,-0.9583,-0.9773,,,0.0798,0.0623,0.2105,0.0417,0.0,0.0,0.0,0.0,0.0,-0.3571,-1.0,-0.0503,0.4489,0.46,0.0,0.0,0.0,0.0,-1.0,0.0,,,,0.0,0.0,0.0,0.0,0.0,0.0,0.1926,,-0.0063,0.003,0.0,0.0,0.0,0.0,,,0,0.2757,,0.0,0.0,0.0,0.0,0.0,-0.3652,-0.1896,0.0081,0.0,,,0.1042,,0.2584,0.0168,0.0,0.0,0.0,0.0,0.0,0.0,0.0,0.0,0.0,0.0,0.0,0.0
59,2018-11-26 00:00:00+00:00,4174.5414,4444.0,3681.9065,3883.6162,361496.23446435,-0.1433,,0,DOWN,DOWN,DOWN,DOWN,DOWN,DOWN,DOWN,EITHER,EITHER,EITHER,0.0,0.0,0.0,-0.2939,-0.041,0.3531,0.4795,0.0973,0.1045,0.261,0.1883,0.0,0.0,0.0,0.0,0.0,-0.8885,-0.9391,,,0.1045,0.1665,0.1883,0.1115,0.0,0.0,0.0,0.0,0.0,-0.4286,-0.9524,-0.0558,0.3599,0.4818,0.0,0.0,0.0,0.0,0.0,0.0,,,,0.0,0.0,0.0,0.0,0.0,0.0,0.1926,,-0.0011,-0.0136,0.0,0.0,0.0,0.0,,,0,0.3002,,0.0,0.0,0.0,0.0,0.0,-0.2321,-0.197,0.0567,0.1701,,,0.1154,,0.2602,0.0174,0.0,0.0,0.0,0.0,0.0,0.0,0.0,1.0,0.0,0.0,0.0,0.0
60,2018-12-03 00:00:00+00:00,3576.4499,4243.7061,3226.0,4174.5393,358055.82739961,-0.0937,,0,DOWN,DOWN,DOWN,DOWN,DOWN,EITHER,EITHER,EITHER,EITHER,EITHER,0.0,0.0,0.0,-0.3455,-0.0539,0.3272,0.473,0.0983,0.1105,0.2476,0.1631,0.0,0.0,0.0,0.0,0.0,-0.9281,-0.959,,,0.1105,0.1027,0.1631,0.0719,0.0,0.0,0.0,0.0,0.0,-0.5,-0.9762,-0.0767,0.2827,0.4463,0.0,0.0,0.0,0.0,0.0,0.0,,,,0.0,0.0,0.0,0.0,0.0,0.0,0.1933,,-0.011,-0.0452,0.0,0.0,0.0,0.0,,,0,0.309,,0.0,0.0,0.0,0.0,0.0,-0.1837,-0.2155,0.0567,0.0,,,0.129,,0.3063,0.0312,0.0,-1.0,0.0,0.0,0.0,0.0,0.0,0.0,0.0,0.0,0.0,0.0
61,2018-12-10 00:00:00+00:00,3243.3017,3656.0088,3155.2670000000007,3578.7763,250354.87344261,0.2043,,1,UP,UP,UP,UP,UP,UP,UP,UP,UP,EITHER,0.0,0.0,0.0,-0.373,-0.0612,0.3135,0.4694,0.1045,0.0985,0.2313,0.1438,0.0,0.0,0.0,0.0,0.0,-0.9822,-0.9897,,,0.0985,0.0263,0.1438,0.0178,0.0,0.0,0.0,0.0,0.0,-0.5714,-1.0,-0.0888,0.2959,0.4121,0.0,0.0,0.0,0.0,0.0,0.0,,,,0.0,0.0,0.0,0.0,0.0,-1.0,0.1959,,-0.026,-0.0766,0.0,0.0,0.0,0.0,,,0,0.3071,,0.0,0.0,0.0,0.0,0.0,-0.1509,-0.2274,0.0567,0.0,,,0.1422,,0.3134,0.0334,0.0,0.0,0.0,0.0,0.0,0.0,0.0,0.0,0.0,0.0,0.0,0.0
62,2018-12-17 00:00:00+00:00,3906.2685,4139.0,3218.18,3243.7008,429136.8550794,-0.0356,,0,DOWN,DOWN,EITHER,EITHER,EITHER,EITHER,EITHER,EITHER,EITHER,EITHER,0.0,0.0,0.0,-0.2596,-0.0449,0.3702,0.4776,0.1162,0.1397,0.2117,0.1281,0.0,0.0,0.0,0.0,0.0,-0.8481,-0.912,,,0.1397,0.29,0.1281,0.1519,0.0,0.0,0.0,0.0,0.0,-0.5714,-0.9524,-0.1013,0.3872,0.3929,0.0,0.0,0.0,0.0,0.0,0.0,,,,0.0,0.0,0.0,0.0,0.0,0.0,0.2043,,-0.0648,-0.1449,0.0,0.0,0.0,0.0,,,0,0.3395,,0.0,0.0,0.0,0.0,0.0,-0.0995,-0.1967,0.1855,0.5565,,,0.1478,,0.221,0.0175,0.0,1.0,0.0,0.0,0.0,0.0,0.0,0.0,0.0,0.0,0.0,0.0
63,2018-12-24 00:00:00+00:00,3769.0436,4197.95,3534.6738,3908.0678,357099.61131421,0.0095,,1,UP,EITHER,EITHER,EITHER,EITHER,EITHER,EITHER,EITHER,EITHER,EITHER,0.0,0.0,0.0,-0.273,-0.048,0.3635,0.476,0.1675,0.2642,0.1915,0.1159,0.0,0.0,0.0,0.0,0.0,-0.8759,-0.9103,,,0.2642,0.4763,0.1159,0.1241,0.0,0.0,0.0,0.0,0.0,-0.5714,-0.9524,-0.1214,0.3948,0.4289,0.0,0.0,0.0,0.0,0.0,0.0,,,,0.0,0.0,0.0,0.0,-1.0,0.0,0.2171,-0.0892,-0.1555,-0.1409,0.0,0.0,0.0,0.0,-0.5314,0.2232,1,0.3387,,0.0,0.0,0.0,0.0,0.0,-0.0792,-0.1857,0.4795,0.882,,,0.1522,,0.2098,0.0155,0.0,0.0,0.0,0.0,0.0,0.0,0.0,0.0,0.0,0.0,0.0,0.0
64,2018-12-31 00:00:00+00:00,3805.02,3882.8265,3638.0101,3769.033,270190.75981211,-0.0603,,0,DOWN,DOWN,DOWN,DOWN,EITHER,EITHER,EITHER,EITHER,EITHER,EITHER,0.0,1.0,0.0,-0.2665,-0.0471,0.3667,0.4765,0.2861,0.4544,0.1736,0.1049,0.0,0.0,1.0,0.0,0.0,-0.8686,-0.905,,,0.4544,0.597,0.1049,0.1314,0.0,0.0,0.0,0.0,0.0,-0.5714,-0.7619,-0.1446,0.3275,0.4379,0.0,0.0,0.0,0.0,0.0,1.0,,,,0.0,0.0,0.0,0.0,1.0,1.0,0.2338,-0.0795,-0.1839,-0.0022,0.0,0.0,0.0,0.0,-0.4788,0.2822,1,0.3607,,0.0,0.0,0.0,0.0,0.0,-0.0704,-0.1792,0.7925,0.939,,,0.1563,,0.2098,0.0155,0.0,0.0,0.0,0.0,0.0,0.0,0.0,0.0,0.0,0.0,0.0,1.0
65,2019-01-07 00:00:00+00:00,3575.6540000000005,4065.0,3525.1318,3805.009,262993.12649094,-0.0148,,0,DOWN,EITHER,EITHER,EITHER,EITHER,EITHER,EITHER,EITHER,EITHER,EITHER,0.0,0.0,0.0,-0.2912,-0.0524,0.3544,0.4738,0.4036,0.4921,0.1544,0.0911,0.0,0.0,0.0,0.0,0.0,-0.915,-0.9386,,,0.4921,0.4032,0.0911,0.085,0.0,0.0,0.0,0.0,0.0,-0.5714,-0.7619,-0.1671,0.3233,0.4107,0.0,0.0,0.0,0.0,0.0,0.0,,,,0.0,0.0,0.0,0.0,0.0,0.0,0.2538,-0.0777,-0.1513,0.0597,0.0,0.0,0.0,0.0,-0.4693,0.2926,1,0.403,,0.0,0.0,0.0,0.0,0.0,-0.0641,-0.1693,0.8473,0.7211,0.0962,0.1166,0.1574,,0.1714,0.0093,0.0,0.0,0.0,0.0,0.0,0.0,0.0,0.0,0.0,0.0,0.0,0.0
66,2019-01-14 00:00:00+00:00,3523.1497,3710.7507,3446.205,3576.0894,273538.85693242,0.0091,,1,UP,EITHER,EITHER,EITHER,EITHER,EITHER,EITHER,EITHER,EITHER,EITHER,0.0,1.0,0.0,-0.2971,-0.0537,0.3515,0.4731,0.4612,0.4371,0.1373,0.09,0.0,0.0,1.0,0.0,0.0,-0.9256,-0.9462,,,0.4371,0.3113,0.09,0.0744,0.0,0.0,0.0,1.0,0.0,-0.5714,-0.7619,-0.1861,0.3154,0.419,0.0,0.0,0.0,0.0,0.0,1.0,,,,0.0,0.0,0.0,0.0,-1.0,-1.0,0.267,-0.061,-0.1415,0.1406,0.0,0.0,0.0,0.0,-0.3739,0.3914,1,0.3739,,0.0,0.0,0.0,0.0,0.0,-0.0651,-0.1627,0.7765,0.6696,0.1088,0.1009,0.1593,,0.1835,0.012,0.0,0.0,0.0,0.0,0.0,0.0,0.0,0.0,0.0,0.0,0.0,0.0
67,2019-01-21 00:00:00+00:00,3555.5401,3655.2415,3436.0,3523.3978,183555.30169026,-0.0259,,0,DOWN,DOWN,EITHER,EITHER,EITHER,EITHER,EITHER,EITHER,EITHER,EITHER,0.0,1.0,0.0,-0.29,-0.0528,0.355,0.4736,0.4066,0.2904,0.1244,0.0943,0.0,0.0,1.0,0.0,0.0,-0.8854,-0.9415,,,0.2904,0.1569,0.0943,0.0809,0.0,0.0,0.0,0.0,0.0,-0.5714,-0.7619,-0.2107,0.2478,0.4277,0.0,0.0,0.0,0.0,0.0,1.0,,,,0.0,0.0,0.0,0.0,1.0,1.0,0.2709,-0.0398,-0.0633,0.2041,0.0,0.0,0.0,0.0,-0.2472,0.5104,1,0.3969,,0.0,0.0,0.0,0.0,0.0,-0.0613,-0.1483,0.5263,0.1884,0.111,0.1128,0.1611,,0.1851,0.0123,0.0,0.0,0.0,0.0,0.0,0.0,0.0,0.0,0.0,0.0,0.0,1.0
68,2019-01-28 00:00:00+00:00,3464.0448,3574.2,3351.24,3555.9953,216449.32783655,0.0472,,1,UP,UP,UP,UP,EITHER,EITHER,EITHER,EITHER,EITHER,EITHER,0.0,0.0,0.0,-0.3016,-0.0551,0.3492,0.4724,0.3121,0.2087,0.1137,0.0918,0.0,0.0,0.0,0.0,0.0,-0.9114,-0.9549,,,0.2087,0.158,0.0918,0.0884,0.0,0.0,0.0,0.0,0.0,-0.5,-0.7619,-0.2293,0.2493,0.4009,0.0,0.0,1.0,0.0,0.0,0.0,,,,0.0,0.0,0.0,0.0,0.0,-1.0,0.273,-0.0286,-0.0063,0.1039,0.0,0.0,0.0,-1.0,-0.1787,0.5694,1,0.422,,0.0,0.0,0.0,0.0,0.0,-0.0634,-0.1399,0.286,0.0,0.1212,0.0819,0.1639,,0.1997,0.0154,0.0,0.0,0.0,0.0,0.0,0.0,0.0,0.0,0.0,0.0,0.0,0.0
69,2019-02-04 00:00:00+00:00,3627.3965,3738.38,3379.8753,3464.0453,208517.28388663,-0.0018,,0,EITHER,EITHER,EITHER,EITHER,EITHER,EITHER,EITHER,EITHER,EITHER,EITHER,0.0,0.0,0.0,-0.262,-0.0505,0.369,0.4748,0.2444,0.2339,0.1065,0.0988,0.0,0.0,0.0,0.0,0.0,-0.8645,-0.931,,,0.2339,0.3869,0.0988,0.1355,0.0,0.0,0.0,0.0,0.0,-0.3571,-0.7619,-0.2439,0.2988,0.3889,0.0,0.0,0.0,0.0,0.0,0.0,,,,0.0,0.0,0.0,0.0,0.0,1.0,0.2782,-0.0116,0.0028,0.0353,0.0,0.0,0.0,0.0,-0.0726,0.6539,1,0.379,,0.0,0.0,0.0,0.0,0.0,-0.0513,-0.1233,0.3961,1.0,0.1393,0.1446,0.1634,,0.1566,0.0092,0.0,0.0,0.0,0.0,0.0,0.0,0.0,0.0,0.0,0.0,0.0,0.0
70,2019-02-11 00:00:00+00:00,3621.1989,3700.0,3566.43,3627.7954,194828.92450905,0.0431,,1,UP,UP,UP,UP,EITHER,EITHER,EITHER,EITHER,EITHER,EITHER,0.0,1.0,0.0,-0.2629,-0.0506,0.3685,0.4747,0.2856,0.4141,0.103,0.1117,0.0,0.0,1.0,0.0,0.0,-0.8607,-0.9319,,,0.4141,0.6973,0.1117,0.1337,0.0,0.0,0.0,0.0,0.0,-0.3571,-0.7619,-0.2643,0.2903,0.3638,0.0,0.0,0.0,0.0,0.0,1.0,,,,0.0,0.0,0.0,0.0,-1.0,-1.0,0.2849,0.0154,0.0033,-0.0173,0.0,0.0,0.0,0.0,0.0966,0.7721,1,0.3943,,0.0,0.0,0.0,0.0,0.0,-0.0421,-0.1121,0.659,0.9769,0.1339,0.1491,0.1629,,0.1566,0.0092,0.0,0.0,0.0,0.0,0.0,0.0,0.0,0.0,0.0,0.0,0.0,-1.0
71,2019-02-18 00:00:00+00:00,3777.4041,4199.0,3609.355,3621.1984,374552.97025425,0.0054,,1,EITHER,EITHER,EITHER,EITHER,EITHER,EITHER,EITHER,EITHER,EITHER,EITHER,0.0,0.0,0.0,-0.2218,-0.046,0.3891,0.477,0.3923,0.529,0.1016,0.1155,-0.5,0.0,0.0,0.0,0.0,-0.7598,-0.9048,,,0.529,0.5027,0.1155,0.1861,0.0,0.0,0.0,0.0,0.0,-0.2857,-0.7619,-0.2774,0.3816,0.3534,0.0,0.0,0.0,0.0,0.0,0.0,,,,0.0,0.0,0.0,0.0,0.0,0.0,0.2905,0.0341,-0.0194,-0.0274,0.0,0.0,0.0,1.0,0.2124,0.8412,1,0.3634,,0.0,0.0,0.0,0.0,0.0,0.0434,-0.0939,0.9923,1.0,0.1387,0.2148,0.1532,,0.0267,0.0099,0.0,0.0,0.0,0.0,0.0,0.0,0.0,0.0,0.0,0.0,0.0,0.0
72,2019-02-25 00:00:00+00:00,3797.6287,3889.9999,3687.3459,3777.4044,349190.50621793,0.0286,,1,UP,UP,UP,EITHER,EITHER,EITHER,EITHER,EITHER,EITHER,EITHER,0.0,1.0,0.0,-0.2163,-0.0454,0.3918,0.4773,0.5062,0.5755,0.103,0.1293,0.0,0.0,1.0,0.0,0.0,-0.5016,-0.8877,,,0.5755,0.5266,0.1293,0.248,0.0,0.0,0.0,0.0,0.0,-0.2143,-0.7381,-0.2652,0.3864,0.3601,0.0,0.0,0.0,0.0,0.0,1.0,,,,0.0,0.0,0.0,0.0,1.0,1.0,0.2941,0.0641,-0.0192,0.0057,0.0,0.0,0.0,0.0,0.3919,0.9276,1,0.4386,,0.0,1.0,0.0,0.0,0.0,0.047,-0.0909,0.9923,1.0,0.1439,0.2308,0.1441,,0.0267,0.0099,0.0,0.0,0.0,0.0,0.0,0.0,0.0,0.0,0.0,0.0,0.0,1.0
73,2019-03-04 00:00:00+00:00,3906.0118,3968.9667,3673.3995,3797.4388,564939.95000643,0.021,,1,UP,UP,EITHER,EITHER,EITHER,EITHER,EITHER,EITHER,EITHER,EITHER,0.0,0.0,0.0,-0.1854,-0.0421,0.4073,0.479,0.5539,0.5572,0.1113,0.1794,0.0,0.0,0.0,0.0,0.0,-0.3103,-0.8622,,,0.5572,0.6423,0.1794,0.5825,0.0,0.0,0.0,0.0,0.0,-0.1429,-0.7143,-0.2542,0.5063,0.3992,0.0,0.0,0.0,0.0,1.0,0.0,,,,0.0,0.0,0.0,0.0,0.0,0.0,0.2962,0.0859,-0.0163,0.0229,0.0,0.0,0.0,0.0,0.514,0.97,1,0.4756,,0.0,0.0,0.0,0.0,0.0,0.0925,-0.0826,1.0,1.0,0.1755,0.3693,0.1343,,0.006,0.013,0.0,0.0,0.0,0.0,0.0,0.0,0.0,0.0,0.0,0.0,0.0,0.0
74,2019-03-11 00:00:00+00:00,3988.6,4056.7,3814.3,3906.5698,340022.41508313,0.0013,,1,EITHER,EITHER,EITHER,EITHER,EITHER,EITHER,EITHER,EITHER,EITHER,EITHER,0.0,0.0,0.0,-0.1612,-0.0395,0.4194,0.4803,0.5816,0.6121,0.1295,0.255,0.0,0.0,0.0,0.0,0.0,-0.2016,-0.8438,,,0.6121,0.6674,0.255,0.7656,0.0,0.0,0.0,0.0,0.0,-0.0714,-0.6905,-0.2301,0.5898,0.4249,0.0,0.0,0.0,0.0,0.0,0.0,,,,0.0,0.0,0.0,0.0,0.0,1.0,0.2986,0.1086,-0.0036,0.0441,0.0,0.0,0.0,0.0,0.6306,0.9947,1,0.4942,,0.0,0.0,0.0,0.0,0.0,0.1208,-0.0732,1.0,1.0,0.2879,1.0,0.1259,,0.0178,0.0165,0.0,0.0,0.0,0.0,0.0,0.0,0.0,0.0,0.0,0.0,0.0,0.0
75,2019-03-18 00:00:00+00:00,3993.2,4068.2,3905.0,3988.2,322854.52639785,0.0261,,1,UP,UP,EITHER,EITHER,EITHER,EITHER,EITHER,EITHER,EITHER,EITHER,0.0,1.0,0.0,-0.1598,-0.0393,0.4201,0.4803,0.6076,0.6536,0.1569,0.336,0.0,0.0,1.0,0.0,0.0,-0.2098,-0.8429,,,0.6536,0.651,0.336,0.8028,0.0,0.0,0.0,0.0,0.0,0.7143,-0.4762,-0.2048,0.6523,0.4252,0.0,0.0,0.0,0.0,0.0,1.0,,,,-1.0,0.0,0.0,0.0,1.0,1.0,0.3031,0.1454,0.0113,0.0389,0.0,0.0,0.0,0.0,0.7916,0.9918,1,0.5076,,0.0,0.0,0.0,0.0,0.0,0.1286,-0.0675,1.0,1.0,0.3988,1.0,0.1184,,0.021,0.017,0.0,0.0,0.0,0.0,0.0,0.0,0.0,0.0,0.0,0.0,0.0,1.0
76,2019-03-25 00:00:00+00:00,4097.5,4143.5,3880.0,3993.2,412858.34969023,0.2497,,1,UP,UP,UP,UP,UP,UP,UP,UP,UP,UP,0.0,0.0,0.0,-0.1261,-0.0359,0.4369,0.482,0.6686,0.7402,0.1938,0.4266,0.0,0.0,0.0,0.0,0.0,-0.1197,-0.8233,,,0.7402,0.9021,0.4266,0.8965,0.0,0.0,0.0,0.0,0.0,0.6429,-0.4762,-0.1871,0.6535,0.4526,0.0,0.0,0.0,0.0,0.0,0.0,,,,0.0,0.0,0.0,0.0,0.0,0.0,0.3107,0.1703,0.0196,0.0306,0.0,0.0,0.0,0.0,0.8773,0.9597,1,0.5044,,0.0,0.0,0.0,0.0,0.0,0.1274,-0.0616,1.0,1.0,0.5136,1.0,0.1131,,0.0434,0.0202,0.0,0.0,0.0,0.0,0.0,0.0,0.0,0.0,0.0,0.0,0.0,0.0
77,2019-04-01 00:00:00+00:00,5120.4,5277.0,4070.5,4097.2,881514.51422383,-0.0115,,0,DOWN,EITHER,EITHER,EITHER,EITHER,EITHER,EITHER,EITHER,EITHER,EITHER,0.0,0.0,0.0,0.1381,-0.0029,0.569,0.4985,0.7374,0.8185,0.2412,0.5188,0.0,0.0,0.0,0.0,0.0,-0.0813,-0.6316,,,0.8185,0.9023,0.5188,0.9187,0.0,0.0,0.0,0.0,0.0,0.6429,-0.4762,-0.156,0.7052,0.5053,0.0,0.0,0.0,0.0,0.0,0.0,,,,0.0,0.0,0.0,0.0,0.0,0.0,0.3209,0.1999,0.0273,0.019,0.0,0.0,0.0,0.0,0.9509,0.8912,1,0.617,,0.0,0.0,0.0,0.0,0.0,0.2996,-0.0228,1.0,1.0,0.6205,1.0,0.1266,,0.3021,0.0661,0.0,1.0,0.0,0.0,0.0,0.0,0.0,0.0,0.0,0.0,0.0,0.0
78,2019-04-08 00:00:00+00:00,5061.4,5412.0,4871.2,5120.4,692519.38862117,0.0348,,1,UP,UP,UP,EITHER,EITHER,EITHER,EITHER,EITHER,EITHER,EITHER,0.0,0.0,0.0,0.1217,-0.0048,0.5609,0.4976,0.8068,0.8617,0.2965,0.596,0.0,0.0,0.0,0.0,0.0,-0.1701,-0.6426,,,0.8617,0.7806,0.596,0.8299,0.0,0.0,0.0,0.0,0.0,0.7143,-0.4762,-0.1257,0.7859,0.5443,0.0,0.0,0.0,0.0,0.0,0.0,,,,0.0,0.0,0.0,0.0,-1.0,0.0,0.332,0.2151,0.0273,0.0112,0.0,0.0,0.0,0.0,0.976,0.8441,1,0.6189,,0.0,0.0,0.0,0.0,0.0,0.2415,-0.0078,0.9832,0.9495,0.7224,0.9641,0.1408,,0.3255,0.0715,0.0,0.0,0.0,0.0,0.0,0.0,0.0,0.0,0.0,0.0,0.0,-1.0
79,2019-04-15 00:00:00+00:00,5237.5,5334.6,4948.3,5061.4,616823.00248953,0.0182,,1,UP,EITHER,EITHER,EITHER,EITHER,EITHER,EITHER,EITHER,EITHER,EITHER,0.0,0.0,0.0,0.1605,0.0009,0.5802,0.5005,0.8455,0.8563,0.3599,0.6828,0.0,0.0,0.0,0.0,0.0,-0.0847,-0.6096,,,0.8563,0.8861,0.6828,0.9153,0.0,0.0,0.0,0.0,0.0,0.7143,-0.4762,-0.0897,0.8463,0.5609,0.0,0.0,0.0,0.0,1.0,0.0,,,,0.0,0.0,0.0,0.0,0.0,0.0,0.3428,0.2514,0.0306,0.0317,0.0,0.0,0.0,0.0,1.0,0.7008,1,0.6469,,0.0,0.0,0.0,0.0,0.0,0.1758,-0.0038,0.9832,1.0,0.8205,1.0,0.154,,0.3255,0.0715,0.0,0.0,0.0,0.0,0.0,0.0,0.0,0.0,0.0,0.0,0.0,0.0
80,2019-04-22 00:00:00+00:00,5334.0,5600.5,5121.0,5238.6,784883.2547543,0.0816,,1,UP,UP,UP,UP,UP,EITHER,EITHER,EITHER,EITHER,EITHER,0.0,0.0,0.0,0.1818,0.0041,0.5909,0.5021,0.8518,0.8373,0.4316,0.7601,-0.5,0.0,0.0,0.0,0.0,-0.1185,-0.5915,,,0.8373,0.8451,0.7601,0.8815,0.0,0.0,0.0,0.0,0.0,0.8571,-0.4762,-0.0527,0.9001,0.5833,0.0,0.0,0.0,0.0,0.0,0.0,,,,0.0,0.0,0.0,0.0,1.0,0.0,0.3534,0.2927,0.0358,0.0417,0.0,0.0,0.0,0.0,0.9643,0.4945,1,0.6209,,0.0,0.0,0.0,0.0,0.0,0.1453,0.0066,0.9832,1.0,0.9167,1.0,0.1697,,0.3735,0.0823,0.0,0.0,0.0,0.0,0.0,0.0,0.0,0.0,0.0,0.0,0.0,0.0
81,2019-04-29 00:00:00+00:00,5770.9,5911.2,5186.0,5335.6,694885.10528121,0.1915,,1,UP,UP,UP,UP,UP,UP,UP,UP,UP,UP,0.0,0.0,0.0,0.2719,0.0187,0.6359,0.5093,0.8595,0.885,0.5103,0.8376,0.0,0.0,0.0,0.0,0.0,-0.0548,-0.5096,,,0.885,0.9238,0.8376,0.9452,0.0,0.0,0.0,0.0,0.0,0.9286,-0.4762,-0.0099,0.9321,0.6157,0.0,0.0,0.0,0.0,0.0,0.0,,,,0.0,0.0,0.0,0.0,0.0,0.0,0.3728,0.3088,0.0405,0.1222,0.0,0.0,0.0,0.0,0.9324,0.4038,1,0.6477,,0.0,0.0,0.0,0.0,0.0,0.1348,0.0215,1.0,1.0,0.9955,1.0,0.1879,,0.425,0.0949,0.0,0.0,0.0,0.0,0.0,0.0,0.0,0.0,0.0,0.0,0.0,0.0
82,2019-05-06 00:00:00+00:00,6875.5,7517.1,5620.0,5770.4,879042.33758132,0.1577,,1,UP,UP,UP,UP,UP,UP,UP,UP,EITHER,EITHER,0.0,0.0,0.0,0.4398,0.0545,0.7199,0.5272,0.8548,0.8421,0.5866,0.8668,0.0,0.0,0.0,0.0,0.0,-0.1551,-0.3025,-0.2339,,0.8421,0.7575,0.8668,0.846,0.0,0.0,0.0,0.0,0.0,1.0,-0.4762,0.0424,0.9629,0.641,0.0,0.0,0.0,0.0,0.0,0.0,,,,0.0,0.0,0.0,0.0,0.0,0.0,0.3995,0.3219,0.1026,0.1861,0.0,0.0,0.0,0.0,0.8997,0.3275,1,0.6496,,0.0,0.0,0.0,0.0,0.0,0.1794,0.0764,1.0,1.0,0.9955,1.0,0.2177,,0.6055,0.1562,0.0,0.0,0.0,0.0,0.0,0.0,0.0,0.0,0.0,0.0,0.0,0.0
83,2019-05-13 00:00:00+00:00,7960.8,8349.0,6822.8,6876.1,1085077.93947783,0.0028,0.0279,1,EITHER,EITHER,EITHER,EITHER,EITHER,EITHER,EITHER,EITHER,EITHER,EITHER,0.0,0.0,0.0,0.5497,0.088,0.7749,0.544,0.8609,0.8557,0.6565,0.8842,0.0,0.0,0.0,0.0,0.0,-0.0812,-0.0747,-0.2253,,0.8557,0.8858,0.8842,0.9219,0.0,0.0,0.0,0.0,0.0,1.0,-0.4762,0.0996,0.9694,0.6724,0.0,0.0,0.0,0.0,0.0,0.0,,,,0.0,0.0,0.0,0.0,0.0,0.0,0.4323,0.3099,0.1412,0.0638,0.0,0.0,0.0,0.0,0.93,0.3976,1,0.6603,,0.0,0.0,0.0,0.0,0.0,0.2014,0.1312,1.0,1.0,0.9955,1.0,0.2496,0.0414,0.6642,0.1855,0.0,1.0,0.0,0.0,0.0,0.0,0.0,0.0,0.0,0.0,0.0,0.0
84,2019-05-20 00:00:00+00:00,7982.1,8286.0,7466.0,7959.6,922311.2864071998,0.0873,0.8545,1,UP,UP,UP,UP,UP,UP,EITHER,EITHER,EITHER,EITHER,0.0,1.0,0.0,0.5516,0.0886,0.7758,0.5443,0.847,0.8432,0.7189,0.8976,0.0,0.0,1.0,0.0,0.0,-0.0774,-0.0706,-0.2146,,0.8432,0.8863,0.8976,0.9233,0.0,0.0,0.0,0.0,0.0,0.9286,0.5238,0.1547,0.9734,0.7133,0.0,0.0,0.0,0.0,0.0,1.0,,,,0.0,0.0,0.0,0.0,1.0,0.0,0.4434,0.302,0.1219,0.0352,0.0,0.0,0.0,0.0,0.9471,0.4426,1,0.6385,0.5687,0.0,0.0,0.0,0.0,0.0,0.1696,0.1395,1.0,1.0,0.9955,1.0,0.2792,0.0448,0.6642,0.1855,0.0,0.0,0.0,0.0,0.0,0.0,0.0,0.0,0.0,0.0,0.0,1.0
85,2019-05-27 00:00:00+00:00,8679.3,9065.5,7936.3,7982.1,884533.40449273,-0.1108,-1.0715,0,DOWN,DOWN,DOWN,DOWN,DOWN,DOWN,DOWN,DOWN,EITHER,EITHER,0.0,0.0,0.0,0.6086,0.1098,0.8043,0.5549,0.8633,0.8909,0.7717,0.9012,-0.5,0.0,0.0,0.0,0.0,-0.0716,-0.0653,-0.2016,,0.8909,0.9005,0.9012,0.9292,0.0,0.0,0.0,0.0,0.0,1.0,0.5714,0.2034,0.9764,0.7649,0.0,0.0,0.0,0.0,0.0,0.0,,,,0.0,0.0,0.0,0.0,0.0,0.0,0.466,0.297,0.1262,0.109,0.0,0.0,0.0,0.0,0.9568,0.471,1,0.6622,0.5742,0.0,0.0,0.0,0.0,0.0,0.158,0.1638,1.0,1.0,0.9955,1.0,0.3101,0.0488,0.711,0.2124,0.0,1.0,0.0,0.0,0.0,0.0,0.0,0.0,0.0,0.0,0.0,0.0
86,2019-06-03 00:00:00+00:00,7717.1,8760.0,7417.3,8678.3,828238.24205201,0.1924,1.8769,1,UP,UP,UP,UP,UP,UP,UP,UP,UP,UP,0.0,0.0,0.0,0.353,0.0744,0.6765,0.5372,0.8442,0.7985,0.8121,0.8825,0.0,0.0,0.0,0.0,0.0,-0.2501,-0.2281,-0.1875,,0.7985,0.6086,0.8825,0.7499,0.0,0.0,0.0,0.0,0.0,0.8571,0.5714,0.2276,0.8923,0.7352,0.0,0.0,0.0,0.0,0.0,0.0,,,,0.0,0.0,0.0,0.0,0.0,0.0,0.4798,0.2951,0.1423,0.2948,0.0,0.0,0.0,0.0,0.9601,0.4811,1,0.6046,0.557,0.0,0.0,0.0,0.0,0.0,0.1027,0.1285,0.747,0.241,0.9724,0.7795,0.3276,0.052,0.5556,0.1857,0.0,-1.0,0.0,0.0,0.0,0.0,0.0,0.0,0.0,0.0,0.0,0.0
87,2019-06-10 00:00:00+00:00,9202.0,9339.6,7505.9,7717.1,792353.74690301,0.1745,1.7017,1,UP,UP,UP,UP,UP,UP,UP,UP,UP,EITHER,0.0,0.0,0.0,0.4882,0.1189,0.7441,0.5594,0.8358,0.8181,0.8457,0.8987,0.0,0.0,0.0,0.0,0.0,-0.0249,-0.0222,-0.1713,,0.8181,0.9453,0.8987,0.9757,0.0,0.0,0.0,0.0,0.0,1.0,0.619,0.2596,0.9,0.7505,0.0,0.0,0.0,0.0,1.0,0.0,,,,0.0,0.0,0.0,0.0,0.0,0.0,0.5014,0.3216,0.2429,0.4594,0.0,0.0,0.0,0.0,0.9006,0.3294,1,0.6616,0.5898,0.0,0.0,0.0,0.0,0.0,0.1108,0.1547,0.59,0.5288,0.9724,1.0,0.347,0.0557,0.5994,0.2057,0.0,0.0,0.0,0.0,0.0,0.0,0.0,0.0,0.0,0.0,0.0,0.0
88,2019-06-17 00:00:00+00:00,10809.9,11194.7,8830.1,9203.7,798544.63940475,0.0316,0.3159,1,UP,UP,EITHER,EITHER,EITHER,EITHER,EITHER,EITHER,EITHER,EITHER,0.0,0.0,0.0,0.5884,0.1634,0.7942,0.5817,0.8113,0.8174,0.8701,0.9023,0.0,0.0,0.0,0.0,0.0,-0.0526,-0.0479,-0.1521,,0.8174,0.8981,0.9023,0.9479,0.0,0.0,0.0,0.0,0.0,1.0,0.6429,0.2908,0.9094,0.7674,0.0,0.0,0.0,0.0,0.0,0.0,,,,0.0,0.0,0.0,0.0,0.0,0.0,0.504,0.3457,0.3507,0.2869,0.0,0.0,0.0,0.0,0.8245,0.1829,1,0.6901,0.6118,0.0,0.0,0.0,0.0,0.0,0.1465,0.2126,0.5637,0.9211,0.9724,1.0,0.3723,0.0607,0.7009,0.2649,0.0,0.0,0.0,0.0,0.0,0.0,0.0,0.0,0.0,0.0,0.0,0.0
89,2019-06-24 00:00:00+00:00,11151.1,13971.4,10517.1,10809.9,750232.98362724,0.0064,0.0652,1,EITHER,EITHER,EITHER,EITHER,EITHER,EITHER,EITHER,EITHER,EITHER,EITHER,0.0,0.0,0.0,0.6061,0.1725,0.803,0.5862,0.8133,0.8044,0.8839,0.8844,0.0,0.0,0.0,0.0,0.0,-0.2795,-0.2607,-0.1303,,0.8044,0.5697,0.8844,0.7205,0.0,0.0,0.0,0.0,0.0,0.9286,0.6667,0.3176,0.918,0.7965,0.0,0.0,0.0,0.0,0.0,0.0,,,,-1.0,0.0,0.0,0.0,0.0,0.0,0.4947,0.38,0.3691,-0.0344,0.0,0.0,0.0,0.0,0.6846,-0.0313,1,0.5756,0.5551,0.0,0.0,0.0,0.0,0.0,0.1694,0.2543,0.8133,0.9901,0.9724,1.0,0.402,0.0673,0.7877,0.3403,0.0,0.0,0.0,0.0,0.0,0.0,0.0,0.0,0.0,0.0,0.0,0.0
90,2019-07-01 00:00:00+00:00,11222.4,11998.0,9724.6,11151.2,489197.06301316,-0.0718,-0.7538,0,DOWN,DOWN,DOWN,DOWN,DOWN,EITHER,EITHER,EITHER,EITHER,EITHER,0.0,1.0,0.0,0.6098,0.1744,0.8049,0.5872,0.7682,0.6828,0.8864,0.8602,0.0,0.0,1.0,0.0,0.0,-0.2777,-0.2542,-0.1066,,0.6828,0.5806,0.8602,0.7276,0.0,0.0,0.0,0.0,0.0,0.9286,0.6667,0.3463,0.8578,0.7661,0.0,0.0,0.0,0.0,0.0,1.0,,,,0.0,0.0,0.0,0.0,1.0,0.0,0.5028,0.4134,0.3264,-0.2246,0.0,0.0,0.0,0.0,0.5179,-0.2387,1,0.5742,0.5597,0.0,0.0,0.0,0.0,0.0,0.1207,0.1995,0.9704,1.0,0.9724,1.0,0.4191,0.0729,0.6413,0.3013,0.0,0.0,0.0,0.0,0.0,0.0,0.0,0.0,0.0,0.0,0.0,1.0
91,2019-07-08 00:00:00+00:00,10415.9,13150.0,10300.0,11222.2,415650.02947003,0.0025,0.0278,1,EITHER,EITHER,EITHER,EITHER,EITHER,EITHER,EITHER,EITHER,EITHER,EITHER,0.0,0.0,-1.0,0.4421,0.1436,0.721,0.5718,0.6735,0.5334,0.8832,0.8374,0.0,0.0,0.0,0.0,0.0,-0.3907,-0.3287,-0.0822,,0.5334,0.4501,0.8374,0.6409,0.0,0.0,0.0,0.0,0.0,0.8571,0.6667,0.3561,0.8585,0.773,0.0,0.0,0.0,0.0,0.0,0.0,,,,0.0,0.0,0.0,0.0,0.0,0.0,0.497,0.4282,0.2253,-0.2567,0.0,0.0,0.0,0.0,0.4359,-0.3282,1,0.4838,0.5085,0.0,0.0,0.0,0.0,0.0,0.1136,0.1928,0.7789,0.3467,0.9545,0.8561,0.4379,0.079,0.6821,0.3303,0.0,0.0,0.0,0.0,0.0,0.0,0.0,0.0,0.0,0.0,0.0,0.0
92,2019-07-15 00:00:00+00:00,10440.6,11074.8,9056.8,10414.1,469298.79816155,-0.0879,-0.9797,0,DOWN,DOWN,DOWN,DOWN,DOWN,EITHER,EITHER,EITHER,EITHER,EITHER,0.0,1.0,0.0,0.444,0.1443,0.722,0.5722,0.5547,0.448,0.8741,0.803,0.0,0.0,1.0,0.0,0.0,-0.3913,-0.3264,-0.0576,,0.448,0.3132,0.803,0.612,0.0,0.0,0.0,0.0,0.0,0.7857,0.6667,0.3662,0.8049,0.741,0.0,0.0,0.0,0.0,0.0,1.0,,,,0.0,0.0,0.0,0.0,1.0,0.0,0.4862,0.44,0.1799,0.2259,0.0,0.0,0.0,0.0,0.3684,-0.3969,1,0.4989,0.5199,0.0,0.0,0.0,0.0,0.0,0.0639,0.1442,0.4527,0.0114,0.9366,0.8571,0.4413,0.0836,0.4859,0.2719,0.0,0.0,0.0,0.0,0.0,0.0,0.0,0.0,0.0,0.0,0.0,1.0
93,2019-07-22 00:00:00+00:00,9523.0,10680.0,9321.8,10440.8,294095.34085103,0.1493,1.7086,1,UP,UP,UP,UP,UP,UP,UP,UP,EITHER,EITHER,0.0,0.0,0.0,0.27,0.1097,0.635,0.5548,0.4225,0.2861,0.8585,0.7567,0.0,0.0,0.0,0.0,0.0,-0.5026,-0.4113,-0.0339,,0.2861,0.0949,0.7567,0.507,0.0,0.0,0.0,0.0,0.0,0.7143,0.6667,0.3687,0.7703,0.7285,0.0,0.0,0.0,0.0,-1.0,0.0,,,,0.0,0.0,0.0,0.0,0.0,0.0,0.4869,0.4533,0.3545,0.3876,0.0,0.0,0.0,-1.0,0.2891,-0.4725,1,0.4865,0.5018,0.0,0.0,0.0,0.0,0.0,0.042,0.1243,0.1194,0.0,0.8915,0.6389,0.4445,0.0881,0.4859,0.2719,0.0,0.0,0.0,0.0,0.0,0.0,0.0,0.0,0.0,0.0,0.0,0.0
94,2019-07-29 00:00:00+00:00,10946.5,10972.4,9157.0,9524.4,257347.22161355,0.04,0.4584,1,UP,UP,UP,EITHER,EITHER,EITHER,EITHER,EITHER,EITHER,EITHER,0.0,0.0,1.0,0.3923,0.1506,0.6962,0.5753,0.3413,0.2899,0.8391,0.7266,0.0,0.0,0.0,0.0,0.0,-0.3443,-0.2797,-0.0101,,0.2899,0.4617,0.7266,0.6582,0.0,0.0,0.0,0.0,0.0,0.6429,0.6667,0.3744,0.7661,0.7375,0.0,0.0,0.0,0.0,1.0,0.0,,,,0.0,0.0,0.0,0.0,0.0,0.0,0.496,0.4662,0.4314,-0.1066,0.0,0.0,0.0,0.0,0.2106,-0.5423,1,0.5044,0.5275,0.0,0.0,0.0,0.0,0.0,0.0525,0.1308,0.1238,0.36,0.9024,0.8671,0.4486,0.0927,0.5018,0.2797,0.0,0.0,0.0,0.0,0.0,0.0,0.0,0.0,0.0,0.0,0.0,0.0
95,2019-08-05 00:00:00+00:00,11384.2,12307.6,10750.0,10946.4,286200.98040799,-0.0871,-1.0208,0,DOWN,DOWN,DOWN,DOWN,DOWN,EITHER,EITHER,EITHER,EITHER,EITHER,0.0,0.0,0.0,0.4243,0.1627,0.7121,0.5813,0.317,0.375,0.8212,0.7217,0.0,0.0,0.0,0.0,0.0,-0.3098,-0.2392,0.0138,,0.375,0.5686,0.7217,0.7055,0.0,0.0,0.0,0.0,0.0,0.5714,0.6667,0.3768,0.7644,0.7416,0.0,0.0,0.0,0.0,0.0,0.0,,,,0.0,0.0,0.0,0.0,0.0,0.0,0.5051,0.478,0.3373,-0.6523,0.0,0.0,0.0,0.0,0.1381,-0.6027,1,0.463,0.526,0.0,0.0,0.0,0.0,0.0,0.0912,0.1526,0.2713,0.454,0.894,0.9325,0.4571,0.0979,0.5674,0.3141,0.0,0.0,0.0,0.0,0.0,0.0,0.0,0.0,0.0,0.0,0.0,0.0
96,2019-08-12 00:00:00+00:00,10390.5,11604.8,9517.3,11382.3,265460.0368065,-0.0311,-0.3752,0,DOWN,DOWN,EITHER,EITHER,EITHER,EITHER,EITHER,EITHER,EITHER,EITHER,0.0,0.0,0.0,0.262,0.1254,0.631,0.5627,0.3817,0.4802,0.7966,0.6768,0.0,0.0,0.0,0.0,0.0,-0.5009,-0.3311,0.0364,,0.4802,0.4103,0.6768,0.5712,0.0,0.0,0.0,0.0,0.0,0.5,0.6667,0.3644,0.7207,0.7307,0.0,0.0,0.0,0.0,0.0,0.0,,,,0.0,0.0,0.0,0.0,0.0,0.0,0.5125,0.4849,0.1404,-0.8305,0.0,0.0,0.0,0.0,0.0949,-0.6368,1,0.4893,0.5182,0.0,0.0,0.0,0.0,0.0,0.0377,0.1166,0.2713,0.0,0.858,0.712,0.452,0.1017,0.386,0.2573,0.0,0.0,0.0,0.0,0.0,0.0,0.0,0.0,0.0,0.0,0.0,0.0
97,2019-08-19 00:00:00+00:00,10067.1,10950.0,9761.4,10390.5,191905.81024368,-0.0458,-0.5563,0,DOWN,DOWN,DOWN,EITHER,EITHER,EITHER,EITHER,EITHER,EITHER,EITHER,0.0,0.0,0.0,0.2136,0.1134,0.6068,0.5567,0.4259,0.4226,0.7654,0.6219,0.0,0.0,0.0,0.0,0.0,-0.5957,-0.361,0.0573,,0.4226,0.2889,0.6219,0.4538,0.0,0.0,0.0,0.0,0.0,0.4286,0.6667,0.3424,0.6699,0.7243,0.0,0.0,0.0,0.0,0.0,0.0,,,,0.0,0.0,0.0,0.0,0.0,-1.0,0.5284,0.4918,-0.0203,-0.6093,0.0,0.0,0.0,0.0,0.0515,-0.6698,1,0.4499,0.5104,0.0,0.0,0.0,0.0,0.0,0.0162,0.1028,0.1513,0.0,0.809,0.6086,0.4473,0.1054,0.386,0.2573,0.0,0.0,0.0,0.0,0.0,0.0,0.0,0.0,0.0,0.0,0.0,0.0
98,2019-08-26 00:00:00+00:00,9605.7,10630.0,9320.0,10067.2,173058.37194212,0.0814,0.9793,1,UP,UP,UP,UP,EITHER,EITHER,EITHER,EITHER,EITHER,EITHER,0.0,0.0,0.0,0.146,0.0965,0.573,0.5482,0.3944,0.2805,0.7315,0.5789,0.5,0.0,0.0,0.0,0.0,-0.6661,-0.4036,0.0761,,0.2805,0.1424,0.5789,0.3339,0.0,0.0,0.0,0.0,0.0,0.2143,0.6667,0.3201,0.6179,0.7132,0.0,0.0,0.0,0.0,0.0,0.0,,,,0.0,0.0,0.0,0.0,0.0,-1.0,0.548,0.4989,-0.1185,-0.188,0.0,0.0,0.0,0.0,0.0069,-0.7022,1,0.4839,0.4943,0.0,0.0,0.0,0.0,0.0,-0.0239,0.0869,-0.0,0.0,0.7278,0.3503,0.4383,0.1086,0.3224,0.2372,0.0,0.0,0.0,0.0,0.0,0.0,0.0,0.0,0.0,0.0,0.0,0.0
99,2019-09-02 00:00:00+00:00,10387.5,10904.6,9519.3,9605.8,204456.95117857,-0.008,-0.0999,0,EITHER,EITHER,EITHER,EITHER,EITHER,EITHER,EITHER,EITHER,EITHER,EITHER,0.0,0.0,0.0,0.2248,0.1198,0.6124,0.5599,0.322,0.2629,0.6968,0.5484,0.0,0.0,0.0,0.0,0.0,-0.5468,-0.3313,0.0934,,0.2629,0.3573,0.5484,0.4532,0.0,0.0,0.0,0.0,0.0,0.2143,0.6667,0.2961,0.5846,0.7247,0.0,0.0,0.0,0.0,1.0,0.0,,,,0.0,0.0,0.0,0.0,0.0,0.0,0.5681,0.5001,-0.064,0.427,0.0,0.0,0.0,0.0,-0.0004,-0.7074,1,0.4738,0.5021,0.0,0.0,0.0,0.0,0.0,-0.0003,0.0915,0.0944,0.2831,0.6775,0.4534,0.4315,0.1118,0.3426,0.2449,0.0,1.0,0.0,0.0,0.0,0.0,0.0,0.0,0.0,0.0,0.0,0.0
100,2019-09-09 00:00:00+00:00,10304.3,10517.1,9878.8,10387.6,120952.28928402,-0.0305,-0.3805,0,DOWN,DOWN,EITHER,EITHER,EITHER,EITHER,EITHER,EITHER,EITHER,EITHER,0.0,1.0,0.0,0.212,0.1166,0.606,0.5583,0.2845,0.3102,0.6622,0.5262,0.0,0.0,1.0,0.0,0.0,-0.5672,-0.339,0.1092,,0.3102,0.4308,0.5262,0.4405,0.0,0.0,1.0,0.0,0.0,0.2143,0.6667,0.2818,0.6391,0.7262,0.0,0.0,0.0,0.0,0.0,1.0,,,,0.0,0.0,0.0,1.0,-1.0,-1.0,0.5705,0.5071,0.1143,0.2086,0.0,0.0,0.0,0.0,-0.0444,-0.7378,1,0.511,0.51,0.0,0.0,0.0,0.0,0.0,-0.0239,0.0856,0.1734,0.2371,0.6231,0.422,0.4252,0.115,0.3426,0.2449,0.0,0.0,0.0,0.0,0.0,0.0,0.0,0.0,0.0,0.0,0.0,0.0
101,2019-09-16 00:00:00+00:00,9990.4,10356.8,9630.0,10304.3,125936.85946467,-0.2026,-2.5518,0,DOWN,DOWN,DOWN,DOWN,DOWN,DOWN,DOWN,DOWN,DOWN,EITHER,0.0,0.0,0.0,0.1625,0.1047,0.5813,0.5523,0.3243,0.3998,0.6287,0.5008,0.5,0.0,0.0,0.0,0.0,-0.7743,-0.3681,0.1231,,0.3998,0.4113,0.5008,0.3843,0.0,0.0,0.0,0.0,0.0,0.1429,0.6667,0.2552,0.5757,0.7274,0.0,0.0,1.0,0.0,0.0,0.0,,,,0.0,0.0,0.0,0.0,0.0,-1.0,0.5595,0.5259,0.0516,-0.3648,0.0,0.0,0.0,0.0,-0.1622,-0.8124,1,0.446,0.5083,0.0,0.0,0.0,0.0,0.0,-0.0713,0.0757,0.221,0.1427,0.581,0.3024,0.4163,0.1178,0.3018,0.2331,0.0,0.0,0.0,0.0,0.0,0.0,0.0,0.0,0.0,0.0,0.0,0.0
102,2019-09-23 00:00:00+00:00,7966.3,10073.0,7660.0,9990.5,304749.70899559,0.0053,0.0681,1,EITHER,EITHER,EITHER,EITHER,EITHER,EITHER,EITHER,EITHER,EITHER,EITHER,0.0,0.0,0.0,-0.094,0.0317,0.453,0.5158,0.3407,0.3122,0.5946,0.4499,0.0,0.0,0.0,0.0,0.0,-0.9515,-0.5552,0.1336,,0.3122,0.0944,0.4499,0.0485,0.0,0.0,0.0,0.0,0.0,-0.9286,0.6667,0.2102,0.468,0.7204,0.0,0.0,0.0,0.0,-1.0,0.0,,,,0.0,0.0,0.0,0.0,0.0,0.0,0.5405,0.5475,-0.0601,-0.3839,0.0,0.0,0.0,0.0,-0.2939,-0.8837,1,0.3827,0.4825,0.0,0.0,0.0,0.0,0.0,-0.2096,0.0398,0.1266,0.0,0.4726,0.0,0.389,0.1185,0.034,0.1449,0.0,-1.0,0.0,0.0,0.0,0.0,0.0,0.0,0.0,0.0,0.0,0.0
103,2019-09-30 00:00:00+00:00,8008.8,8498.0,7712.3,7966.4,142082.75509567,0.0493,0.6447,1,UP,UP,UP,EITHER,EITHER,EITHER,EITHER,EITHER,EITHER,EITHER,0.0,1.0,0.0,-0.0886,0.033,0.4557,0.5165,0.3055,0.2044,0.5564,0.3829,0.0,0.0,1.0,0.0,0.0,-0.9365,-0.5545,0.141,,0.2044,0.1075,0.3829,0.0553,0.0,0.0,0.0,0.0,0.0,-0.9286,0.6667,0.1641,0.3309,0.7188,0.0,0.0,0.0,0.0,0.0,1.0,,,,0.0,0.0,0.0,0.0,1.0,0.0,0.5198,0.5717,-0.1474,-0.1511,0.0,0.0,0.0,0.0,-0.4354,-0.9444,1,0.3831,0.4774,0.0,0.0,0.0,0.0,0.0,-0.2212,0.026,0.0532,0.017,0.3573,0.0096,0.3637,0.1191,0.034,0.1449,0.0,0.0,1.0,0.0,0.0,0.0,0.0,1.0,0.0,0.0,0.0,1.0
104,2019-10-07 00:00:00+00:00,8403.6,8779.9,7765.4,8008.8,157189.35092879,-0.0452,-0.6042,0,DOWN,DOWN,DOWN,EITHER,EITHER,EITHER,EITHER,EITHER,EITHER,EITHER,0.0,0.0,0.0,-0.0371,0.0459,0.4815,0.523,0.2235,0.1541,0.5117,0.3196,-0.5,0.0,0.0,0.0,0.0,-0.8646,-0.5243,0.1463,,0.1541,0.2603,0.3196,0.1354,0.0,0.0,0.0,0.0,0.0,-0.7857,0.6429,0.1208,0.4079,0.7182,0.0,0.0,0.0,0.0,0.0,0.0,,,,0.0,0.0,0.0,0.0,0.0,0.0,0.5082,0.5902,-0.1129,0.1324,0.0,0.0,0.0,0.0,-0.5369,-0.9762,1,0.4058,0.4715,0.0,0.0,0.0,0.0,0.0,-0.1498,0.0298,0.0652,0.1786,0.2808,0.0999,0.3424,0.1199,0.0659,0.154,0.0,0.0,0.0,0.0,0.0,0.0,0.0,0.0,0.0,0.0,0.0,0.0
105,2019-10-14 00:00:00+00:00,8023.4,8449.5,7816.8,8403.1,97806.81005633,0.1868,2.4969,1,UP,UP,UP,UP,UP,UP,UP,UP,EITHER,EITHER,0.0,0.0,0.0,-0.0821,0.0324,0.4589,0.5162,0.1753,0.1675,0.4658,0.2635,0.0,0.0,0.0,0.0,0.0,-0.9218,-0.5601,0.1493,,0.1675,0.1348,0.2635,0.0662,0.0,0.0,0.0,0.0,0.0,-0.7857,0.5,0.0885,0.3064,0.7111,0.0,0.0,0.0,0.0,0.0,0.0,,,,0.0,0.0,0.0,0.0,0.0,-1.0,0.5002,0.6095,-0.0301,0.0271,0.0,0.0,0.0,0.0,-0.635,-0.9953,1,0.4322,0.4688,0.0,0.0,0.0,0.0,0.0,-0.13,0.0224,0.0782,0.0389,0.2053,0.0048,0.3227,0.1207,0.0659,0.154,0.0,0.0,0.0,0.0,0.0,0.0,0.0,0.0,0.0,0.0,0.0,0.0
106,2019-10-21 00:00:00+00:00,9521.8,10500.0,7291.1,8023.4,312910.92667874,-0.0357,-0.4862,0,DOWN,DOWN,EITHER,EITHER,EITHER,EITHER,EITHER,EITHER,EITHER,EITHER,0.0,0.0,0.0,0.0972,0.0805,0.5486,0.5403,0.2283,0.3634,0.4258,0.2624,0.0,0.0,0.0,0.0,0.0,-0.5553,-0.419,0.1518,,0.3634,0.6952,0.2624,0.4447,0.0,0.0,0.0,0.0,0.0,-0.7857,0.5,0.0621,0.4267,0.7224,0.0,0.0,0.0,0.0,0.0,0.0,,,,0.0,0.0,0.0,0.0,0.0,0.0,0.4892,0.6283,-0.0524,-0.3483,0.0,0.0,0.0,0.0,-0.7215,-0.9998,1,0.4765,0.4838,0.0,0.0,0.0,0.0,0.0,-0.0413,0.0456,0.3209,0.7451,0.2043,0.3423,0.3189,0.123,0.2694,0.2175,0.0,0.0,0.0,0.0,0.0,0.0,0.0,0.0,0.0,0.0,0.0,0.0
107,2019-10-28 00:00:00+00:00,9182.0,9906.4,8934.6,9522.1,191373.73267523,-0.0419,-0.5893,0,DOWN,DOWN,DOWN,EITHER,EITHER,EITHER,EITHER,EITHER,EITHER,EITHER,0.0,0.0,0.0,0.0545,0.0682,0.5272,0.5341,0.3347,0.4731,0.3912,0.2672,0.0,0.0,0.0,0.0,0.0,-0.6231,-0.451,0.1533,,0.4731,0.5893,0.2672,0.3769,0.0,0.0,0.0,0.0,0.0,-0.7857,0.5,0.0431,0.5089,0.7312,0.0,0.0,0.0,0.0,0.0,0.0,,,,0.0,0.0,0.0,0.0,0.0,0.0,0.4789,0.647,-0.2106,-0.4986,0.0,0.0,0.0,0.0,-0.798,-0.9904,1,0.459,0.4849,0.0,0.0,0.0,0.0,0.0,-0.02,0.0494,0.5203,0.7768,0.1825,0.2786,0.3153,0.1253,0.2694,0.2175,0.0,0.0,0.0,0.0,0.0,0.0,0.0,0.0,0.0,0.0,0.0,0.0
108,2019-11-04 00:00:00+00:00,8797.1,9524.0,8675.8,9182.0,131372.17168897,-0.0309,-0.4387,0,DOWN,DOWN,EITHER,EITHER,EITHER,EITHER,EITHER,EITHER,EITHER,EITHER,0.0,0.0,0.0,0.0067,0.0542,0.5034,0.5271,0.4737,0.5846,0.3581,0.2502,0.5,0.0,0.0,0.0,0.0,-0.6998,-0.4872,0.1538,,0.5846,0.4693,0.2502,0.3002,0.0,0.0,0.0,0.0,0.0,-0.7857,0.5,0.0128,0.4354,0.7301,0.0,0.0,0.0,0.0,0.0,0.0,,,,0.0,0.0,0.0,0.0,0.0,0.0,0.481,0.655,-0.3333,0.0188,0.0,0.0,0.0,0.0,-0.827,-0.9823,1,0.4229,0.4665,0.0,0.0,0.0,0.0,0.0,-0.0392,0.0383,0.6784,0.5132,0.1512,0.1719,0.3092,0.1272,0.2302,0.2055,0.0,0.0,0.0,0.0,0.0,0.0,0.0,0.0,0.0,0.0,0.0,0.0
109,2019-11-11 00:00:00+00:00,8525.4,9135.0,8367.4,8797.1,115970.35480021,-0.1809,-2.5677,0,DOWN,DOWN,DOWN,DOWN,DOWN,DOWN,DOWN,DOWN,EITHER,EITHER,0.0,0.0,0.0,-0.0268,0.0443,0.4866,0.5222,0.5129,0.4811,0.325,0.2286,0.0,0.0,0.0,0.0,0.0,-0.7139,-0.5128,0.1531,,0.4811,0.3846,0.2286,0.246,0.0,0.0,0.0,0.0,0.0,-0.7857,0.5,-0.0195,0.3388,0.7282,0.0,0.0,0.0,0.0,0.0,0.0,,,,0.0,0.0,0.0,0.0,0.0,0.0,0.4963,0.652,-0.2132,0.452,0.0,0.0,0.0,0.0,-0.8162,-0.9857,1,0.4556,0.4455,0.0,0.0,0.0,0.0,0.0,-0.0554,0.0273,0.5329,0.3087,0.1254,0.0964,0.3002,0.1287,0.1832,0.1912,0.0,0.0,0.0,0.0,0.0,0.0,0.0,0.0,0.0,0.0,0.0,0.0
110,2019-11-18 00:00:00+00:00,6983.7,8624.3,6790.1,8526.4,248806.22288611,0.0459,0.6552,1,UP,UP,UP,EITHER,EITHER,EITHER,EITHER,EITHER,EITHER,EITHER,0.0,0.0,0.0,-0.1912,-0.0097,0.4044,0.4952,0.4559,0.3021,0.2905,0.1904,0.0,0.0,0.0,0.0,0.0,-0.9535,-0.6597,0.1503,,0.3021,0.0522,0.1904,0.0402,0.0,0.0,0.0,0.0,0.0,-1.0,0.5,-0.0457,0.3526,0.7224,0.0,0.0,0.0,0.0,-1.0,0.0,,,,0.0,0.0,0.0,0.0,0.0,0.0,0.5077,0.6603,-0.121,0.5982,0.0,0.0,0.0,0.0,-0.8455,-0.9754,1,0.4061,0.4431,0.0,0.0,0.0,0.0,0.0,-0.1395,-0.0106,0.274,0.0,0.1254,0.0,0.2804,0.1285,0.0222,0.1214,0.0,-1.0,0.0,0.0,0.0,0.0,0.0,0.0,0.0,0.0,0.0,0.0
111,2019-11-25 00:00:00+00:00,7304.2,7849.5,6513.1,6983.7,307503.15687440004,0.0332,0.4746,1,UP,UP,UP,EITHER,EITHER,EITHER,EITHER,EITHER,EITHER,EITHER,0.0,0.0,0.0,-0.1478,0.0013,0.4261,0.5007,0.3355,0.2233,0.2633,0.2048,0.0,0.0,0.0,0.0,0.0,-0.8199,-0.6408,0.146,,0.2233,0.2331,0.2048,0.1783,0.0,0.0,0.0,0.0,0.0,-1.0,0.4762,-0.0644,0.3488,0.7095,0.0,0.0,0.0,0.0,0.0,0.0,,,,0.0,0.0,0.0,0.0,1.0,0.0,0.5038,0.681,0.0505,0.6486,0.0,0.0,0.0,0.0,-0.9074,-0.9388,1,0.4133,0.4369,0.0,0.0,0.0,0.0,0.0,-0.1354,-0.0216,0.1531,0.1506,0.1322,0.0638,0.2642,0.1281,0.0533,0.1098,0.0,0.0,0.0,0.0,0.0,0.0,0.0,0.0,0.0,0.0,0.0,0.0
112,2019-12-02 00:00:00+00:00,7546.8,7805.2,7080.0,7304.3,194910.18823456,-0.0283,-0.4041,0,DOWN,DOWN,EITHER,EITHER,EITHER,EITHER,EITHER,EITHER,EITHER,EITHER,0.0,0.0,0.0,-0.1147,0.0097,0.4427,0.5048,0.245,0.2095,0.2457,0.2248,0.0,0.0,0.0,0.0,0.0,-0.7646,-0.62,0.1408,,0.2095,0.3433,0.2248,0.2354,0.0,0.0,0.0,0.0,0.0,-0.8571,0.4524,-0.0785,0.4165,0.711,0.0,0.0,0.0,0.0,0.0,0.0,,,,0.0,0.0,0.0,0.0,0.0,1.0,0.4961,0.7032,0.1607,-0.0115,0.0,0.0,0.0,0.0,-0.957,-0.8817,1,0.4333,0.4617,0.0,0.0,0.0,0.0,0.0,-0.0999,-0.0173,0.154,0.3115,0.1376,0.1433,0.2491,0.1277,0.0533,0.1098,0.0,0.0,0.0,0.0,0.0,0.0,0.0,0.0,0.0,0.0,0.0,0.0
113,2019-12-09 00:00:00+00:00,7333.5,7660.7,7283.7,7547.1,39634.26856017,,,0,EITHER,EITHER,EITHER,EITHER,EITHER,EITHER,EITHER,EITHER,EITHER,EITHER,0.0,0.0,0.0,-0.1382,0.0021,0.4309,0.5011,0.2431,0.2965,0.2358,0.2305,0.0,0.0,0.0,0.0,0.0,-0.7951,-0.6446,0.1347,,0.2965,0.3129,0.2305,0.1868,0.0,0.0,0.0,0.0,0.0,-0.8571,0.4286,-0.0972,0.3523,0.7066,0.0,0.0,0.0,0.0,0.0,0.0,,,,0.0,0.0,0.0,0.0,0.0,-1.0,0.5009,0.7261,0.0446,-0.4161,0.0,0.0,0.0,0.0,-0.9888,-0.8049,1,0.346,0.4485,0.0,0.0,0.0,0.0,0.0,-0.0925,-0.023,0.2433,0.2677,0.1484,0.0911,0.2351,0.1272,0.0533,0.1098,0.0,0.0,0.0,0.0,0.0,0.0,0.0,0.0,0.0,0.0,0.0,0.0
