ts,pOpen,pHigh,pLow,pClose
2019-10-23T21:06:00.000Z,7488.7,7488.7,7487.3,7487.3
2019-10-23T21:07:00.000Z,7487,7487,7482.9,7485.9
2019-10-23T21:08:00.000Z,7485.9,7485.9,7485.8,7485.9
2019-10-23T21:09:00.000Z,7485.9,7485.9,7485.5,7485.6
2019-10-23T21:10:00.000Z,7485.6,7485.6,7485.5,7485.6
2019-10-23T21:11:00.000Z,7485.6,7485.6,7485.5,7485.6
2019-10-23T21:12:00.000Z,7485.6,7487.4,7482.3,7482.9
2019-10-23T21:13:00.000Z,7482.5,7482.5,7476.9,7476.9
2019-10-23T21:14:00.000Z,7476.5,7476.5,7474.5,7474.6
2019-10-23T21:15:00.000Z,7474.6,7477.8,7472.6,7476.4
2019-10-23T21:16:00.000Z,7476.5,7476.5,7473.6,7473.6
2019-10-23T21:17:00.000Z,7474.9,7474.9,7471,7472.6
2019-10-23T21:18:00.000Z,7472.6,7473.1,7472.2,7473
2019-10-23T21:19:00.000Z,7473,7473,7467.4,7467.8
2019-10-23T21:20:00.000Z,7467.8,7467.9,7466.8,7467
2019-10-23T21:21:00.000Z,7467,7467,7467,7467
2019-10-23T21:22:00.000Z,7466,7466,7465.9,7465.9
2019-10-23T21:23:00.000Z,7465,7465,7464.9,7464.9
2019-10-23T21:24:00.000Z,7464.9,7465,7462.3,7463.1
2019-10-23T21:25:00.000Z,7463.2,7463.2,7455,7455
2019-10-23T21:26:00.000Z,7455.1,7455.1,7450,7450.5
2019-10-23T21:27:00.000Z,7450.5,7451.4,7447.4,7447.9
2019-10-23T21:28:00.000Z,7447.9,7450.2,7447.5,7450.1
2019-10-23T21:29:00.000Z,7450.2,7451.2,7447.1,7450.4
2019-10-23T21:30:00.000Z,7450.5,7450.9,7449.1,7450.8
2019-10-23T21:31:00.000Z,7450.7,7451.6,7449.1,7450.8
2019-10-23T21:32:00.000Z,7450.9,7453.6,7450,7451.7
2019-10-23T21:33:00.000Z,7451.7,7451.7,7450.2,7451.7
2019-10-23T21:34:00.000Z,7451.7,7454,7451.7,7453.3
2019-10-23T21:35:00.000Z,7453.3,7453.4,7452.1,7453.1
2019-10-23T21:36:00.000Z,7453.1,7453.2,7450.7,7451.2
2019-10-23T21:37:00.000Z,7451.2,7452,7449.1,7452
2019-10-23T21:38:00.000Z,7452,7452,7447.9,7448.5
2019-10-23T21:39:00.000Z,7448.5,7449,7443.3,7443.9
2019-10-23T21:40:00.000Z,7443.8,7443.8,7441.6,7442.6
2019-10-23T21:41:00.000Z,7442.6,7442.6,7441.6,7441.8
2019-10-23T21:42:00.000Z,7441.8,7441.8,7439.9,7440
2019-10-23T21:43:00.000Z,7440.1,7440.1,7430.5,7435.5
2019-10-23T21:44:00.000Z,7435.6,7435.6,7431.2,7433
2019-10-23T21:45:00.000Z,7433.9,7435.3,7432.2,7435.2
2019-10-23T21:46:00.000Z,7435.3,7438.1,7435.2,7437.5
2019-10-23T21:47:00.000Z,7437.5,7437.5,7429.1,7429.1
2019-10-23T21:48:00.000Z,7429.1,7430.1,7427.9,7430
2019-10-23T21:49:00.000Z,7430.1,7432.8,7428.4,7428.4
2019-10-23T21:50:00.000Z,7428.4,7428.4,7425.3,7427
2019-10-23T21:51:00.000Z,7426.5,7433,7423.1,7431.2
2019-10-23T21:52:00.000Z,7430.5,7430.5,7428.2,7428.3
2019-10-23T21:53:00.000Z,7428.2,7445.1,7426.6,7440.3
2019-10-23T21:54:00.000Z,7440.2,7444.5,7437.3,7437.3
2019-10-23T21:55:00.000Z,7437.3,7437.3,7430.4,7431.6
2019-10-23T21:56:00.000Z,7431.6,7438.7,7428.3,7428.3
2019-10-23T21:57:00.000Z,7427,7432.4,7426.3,7432
2019-10-23T21:58:00.000Z,7431.9,7434.7,7431.9,7433.3
2019-10-23T21:59:00.000Z,7433.3,7433.3,7427.5,7427.5
2019-10-23T22:00:00.000Z,7427.6,7432.8,7427.5,7432.8
2019-10-23T22:01:00.000Z,7432.8,7432.8,7428.3,7428.3
2019-10-23T22:02:00.000Z,7428.4,7429.8,7428.4,7429.7
2019-10-23T22:03:00.000Z,7429.6,7432.2,7429.2,7429.2
2019-10-23T22:04:00.000Z,7428.3,7428.4,7426,7426
2019-10-23T22:05:00.000Z,7425.7,7427.7,7425.7,7427.7
2019-10-23T22:06:00.000Z,7427.7,7438.6,7427.6,7438.6
2019-10-23T22:07:00.000Z,7439.7,7439.7,7433.8,7433.9
2019-10-23T22:08:00.000Z,7433.8,7433.8,7423.9,7424.7
2019-10-23T22:09:00.000Z,7424.7,7427.1,7424.7,7426.9
2019-10-23T22:10:00.000Z,7426.5,7429,7426.5,7429
2019-10-23T22:11:00.000Z,7428.9,7429,7428.2,7428.2
2019-10-23T22:12:00.000Z,7428.2,7435.9,7427.5,7435.7
2019-10-23T22:13:00.000Z,7435.6,7435.6,7431,7432.3
2019-10-23T22:14:00.000Z,7431.2,7431.2,7428,7428
2019-10-23T22:15:00.000Z,7427.9,7428,7427.9,7427.9
2019-10-23T22:16:00.000Z,7427.9,7431.5,7427.9,7429.6
2019-10-23T22:17:00.000Z,7429.6,7445.4,7429.6,7444.8
2019-10-23T22:18:00.000Z,7444.8,7448.5,7440.7,7446.9
2019-10-23T22:19:00.000Z,7446.2,7457.2,7446.2,7447.6
2019-10-23T22:20:00.000Z,7446.9,7452.3,7446.9,7448.9
2019-10-23T22:21:00.000Z,7448.9,7459.5,7448.9,7453.4
2019-10-23T22:22:00.000Z,7455.7,7462.1,7449.5,7452.9
2019-10-23T22:23:00.000Z,7452.9,7454.8,7446.9,7447.5
2019-10-23T22:24:00.000Z,7449.2,7454.9,7448.7,7449.6
2019-10-23T22:25:00.000Z,7451.8,7451.9,7450.5,7451.9
2019-10-23T22:26:00.000Z,7451.9,7451.9,7449.4,7449.4
2019-10-23T22:27:00.000Z,7449.3,7449.3,7445.4,7448.4
2019-10-23T22:28:00.000Z,7448.3,7448.3,7442.5,7442.6
2019-10-23T22:29:00.000Z,7442.5,7442.5,7434.1,7434.2
2019-10-23T22:30:00.000Z,7434.2,7444.3,7434.2,7442.8
2019-10-23T22:31:00.000Z,7442.7,7442.7,7438,7438
2019-10-23T22:32:00.000Z,7438,7442.1,7438,7440.3
2019-10-23T22:33:00.000Z,7440.3,7444.1,7438.5,7442.5
2019-10-23T22:34:00.000Z,7442.5,7443.5,7439.4,7443.4
2019-10-23T22:35:00.000Z,7443.4,7443.4,7436.7,7436.7
2019-10-23T22:36:00.000Z,7434.8,7434.9,7430.6,7430.6
2019-10-23T22:37:00.000Z,7432.3,7432.3,7430.8,7430.9
2019-10-23T22:38:00.000Z,7430.8,7430.8,7408.4,7418.6
2019-10-23T22:39:00.000Z,7418.6,7418.6,7400,7406.3
2019-10-23T22:40:00.000Z,7407.3,7412.5,7407.3,7407.7
2019-10-23T22:41:00.000Z,7405.7,7408.6,7400.8,7400.8
2019-10-23T22:42:00.000Z,7400.7,7421.1,7394.4,7416.1
2019-10-23T22:43:00.000Z,7415.3,7415.3,7403,7403
2019-10-23T22:44:00.000Z,7403.1,7406.8,7400.5,7400.5
2019-10-23T22:45:00.000Z,7400.6,7402.7,7400.6,7400.9
2019-10-23T22:46:00.000Z,7400.9,7400.9,7400.1,7400.6
2019-10-23T22:47:00.000Z,7401,7401,7397.1,7397.1
2019-10-23T22:48:00.000Z,7397.2,7412.5,7397.2,7411.2
2019-10-23T22:49:00.000Z,7411.1,7412.2,7400,7405.6
2019-10-23T22:50:00.000Z,7404.6,7414,7403.2,7413.1
2019-10-23T22:51:00.000Z,7413.2,7416.3,7407.2,7409.1
2019-10-23T22:52:00.000Z,7409.8,7417.4,7409.8,7415.9
2019-10-23T22:53:00.000Z,7415.5,7424.9,7414.1,7419.6
2019-10-23T22:54:00.000Z,7419.7,7423.6,7419.1,7423.6
2019-10-23T22:55:00.000Z,7423.6,7423.7,7415.7,7418.5
2019-10-23T22:56:00.000Z,7418.1,7419.1,7418.1,7418.7
2019-10-23T22:57:00.000Z,7418.7,7419.5,7415,7415
2019-10-23T22:58:00.000Z,7414.4,7414.4,7412.7,7412.9
2019-10-23T22:59:00.000Z,7412.9,7422.3,7412.9,7419.7
2019-10-23T23:00:00.000Z,7419.4,7419.4,7408.4,7408.4
2019-10-23T23:01:00.000Z,7410.2,7419,7408.4,7416.3
2019-10-23T23:02:00.000Z,7417.9,7417.9,7409.5,7412
2019-10-23T23:03:00.000Z,7412.3,7413.3,7408.7,7412.2
2019-10-23T23:04:00.000Z,7413.3,7416.7,7413,7414.9
2019-10-23T23:05:00.000Z,7412.7,7415.8,7412,7413.7
2019-10-23T23:06:00.000Z,7412.3,7419.7,7412.3,7417.6
2019-10-23T23:07:00.000Z,7418.4,7419.6,7415.6,7418.1
2019-10-23T23:08:00.000Z,7418.3,7421.9,7417.8,7418.8
2019-10-23T23:09:00.000Z,7418.7,7420,7417.3,7417.3
2019-10-23T23:10:00.000Z,7417.3,7417.3,7410,7412
2019-10-23T23:11:00.000Z,7412.2,7412.8,7408,7408.1
2019-10-23T23:12:00.000Z,7408.1,7431.9,7408.1,7431.9
2019-10-23T23:13:00.000Z,7432,7432,7421.9,7427.4
2019-10-23T23:14:00.000Z,7430.2,7432.9,7425.5,7427
2019-10-23T23:15:00.000Z,7427.9,7433.2,7421.5,7431.3
2019-10-23T23:16:00.000Z,7430.5,7442.5,7430.5,7439.6
2019-10-23T23:17:00.000Z,7440.1,7446.6,7440.1,7445.7
2019-10-23T23:18:00.000Z,7445.8,7446.7,7438.4,7440
2019-10-23T23:19:00.000Z,7440.6,7446.6,7440.2,7444.9
2019-10-23T23:20:00.000Z,7445.1,7446,7443.6,7443.6
2019-10-23T23:21:00.000Z,7443.1,7444.9,7438.5,7444.9
2019-10-23T23:22:00.000Z,7444.9,7448,7441.3,7444.9
2019-10-23T23:23:00.000Z,7443.2,7445,7442.5,7444.5
2019-10-23T23:24:00.000Z,7445.5,7455.9,7444.4,7451
2019-10-23T23:25:00.000Z,7451,7455.6,7451,7452.8
2019-10-23T23:26:00.000Z,7451.9,7451.9,7444.5,7449.2
2019-10-23T23:27:00.000Z,7448.1,7450.1,7446.1,7446.7
2019-10-23T23:28:00.000Z,7449.2,7466.3,7449.2,7458.2
2019-10-23T23:29:00.000Z,7456.4,7459.7,7452.6,7459.7
2019-10-23T23:30:00.000Z,7464.2,7465,7455.3,7460
2019-10-23T23:31:00.000Z,7458.9,7466,7457.7,7459.3
2019-10-23T23:32:00.000Z,7460.6,7465.4,7459,7462
2019-10-23T23:33:00.000Z,7462.1,7462.1,7457.9,7459
2019-10-23T23:34:00.000Z,7458.9,7467.8,7458,7464.1
2019-10-23T23:35:00.000Z,7464,7465.7,7459.7,7464.1
2019-10-23T23:36:00.000Z,7464,7467.3,7460.8,7467.2
2019-10-23T23:37:00.000Z,7467.4,7469,7465.8,7465.8
2019-10-23T23:38:00.000Z,7466.8,7466.8,7451.6,7451.6
2019-10-23T23:39:00.000Z,7454.2,7454.2,7448.7,7450.1
2019-10-23T23:40:00.000Z,7450,7450.1,7445.5,7445.5
2019-10-23T23:41:00.000Z,7445.5,7449.4,7445.4,7447
2019-10-23T23:42:00.000Z,7447,7447.4,7443.9,7444
2019-10-23T23:43:00.000Z,7444,7452.3,7441.1,7446.8
2019-10-23T23:44:00.000Z,7446.6,7446.6,7441.7,7444.1
2019-10-23T23:45:00.000Z,7442.4,7452.7,7441.2,7452.5
2019-10-23T23:46:00.000Z,7452.5,7456,7444.9,7445.3
2019-10-23T23:47:00.000Z,7443.2,7452,7441.2,7446.1
2019-10-23T23:48:00.000Z,7446,7451.9,7441.8,7447.4
2019-10-23T23:49:00.000Z,7445.7,7457,7445.7,7457
2019-10-23T23:50:00.000Z,7457,7459.6,7447.9,7450.1
2019-10-23T23:51:00.000Z,7450.2,7456.9,7449.8,7454.9
2019-10-23T23:52:00.000Z,7455,7455,7454.5,7454.8
2019-10-23T23:53:00.000Z,7454.8,7454.9,7451.5,7451.5
2019-10-23T23:54:00.000Z,7451.4,7454.8,7447.3,7447.3
2019-10-23T23:55:00.000Z,7447.2,7447.2,7438.4,7442.8
2019-10-23T23:56:00.000Z,7441.7,7450,7441.7,7445.5
2019-10-23T23:57:00.000Z,7445.5,7462.8,7445.5,7462.5
2019-10-23T23:58:00.000Z,7462.5,7462.6,7458.8,7460.9
2019-10-23T23:59:00.000Z,7460.9,7469.9,7460.8,7464.7
2019-10-24T00:00:00.000Z,7464,7464.1,7457.2,7459
2019-10-24T00:01:00.000Z,7460.3,7465.3,7459,7460.4
2019-10-24T00:02:00.000Z,7459.2,7459.2,7450.8,7455.5
2019-10-24T00:03:00.000Z,7454.8,7467.6,7454.8,7465.6
2019-10-24T00:04:00.000Z,7466.9,7469.8,7464.8,7467.8
2019-10-24T00:05:00.000Z,7468.8,7477.8,7468.8,7471
2019-10-24T00:06:00.000Z,7471,7475.1,7469,7474
2019-10-24T00:07:00.000Z,7474.1,7477.2,7466.6,7474
2019-10-24T00:08:00.000Z,7473.9,7476.3,7468.1,7475.6
2019-10-24T00:09:00.000Z,7476.3,7482.6,7474,7482.6
2019-10-24T00:10:00.000Z,7482.6,7493.7,7482.5,7489.1
2019-10-24T00:11:00.000Z,7489.2,7493.3,7486.9,7488.4
2019-10-24T00:12:00.000Z,7488.4,7488.4,7484.9,7487.5
2019-10-24T00:13:00.000Z,7487.5,7489.4,7487.2,7487.9
2019-10-24T00:14:00.000Z,7487.9,7488,7486.7,7487.2
2019-10-24T00:15:00.000Z,7487.3,7487.3,7470.2,7470.3
2019-10-24T00:16:00.000Z,7471.9,7475.1,7458.1,7459.9
2019-10-24T00:17:00.000Z,7459.9,7471,7459.9,7468.2
2019-10-24T00:18:00.000Z,7468.2,7471.4,7460.5,7461.5
2019-10-24T00:19:00.000Z,7463.8,7471.4,7463.8,7471.3
2019-10-24T00:20:00.000Z,7471.4,7471.4,7461.6,7461.7
2019-10-24T00:21:00.000Z,7461.7,7471,7461.7,7469.6
2019-10-24T00:22:00.000Z,7469.9,7469.9,7467.5,7467.5
2019-10-24T00:23:00.000Z,7467.6,7468.9,7466.3,7468.9
2019-10-24T00:24:00.000Z,7468.9,7468.9,7461.2,7465.7
2019-10-24T00:25:00.000Z,7466,7466.5,7455.1,7463.2
2019-10-24T00:26:00.000Z,7463.2,7464,7450,7454.7
2019-10-24T00:27:00.000Z,7456.1,7456.1,7451.6,7453
2019-10-24T00:28:00.000Z,7453,7458.5,7452.7,7458.5
2019-10-24T00:29:00.000Z,7458.6,7464.4,7458.6,7461.1
2019-10-24T00:30:00.000Z,7461,7461,7457.9,7458
2019-10-24T00:31:00.000Z,7458,7462.4,7457.5,7462.2
2019-10-24T00:32:00.000Z,7462.2,7462.2,7458.4,7459.3
2019-10-24T00:33:00.000Z,7459.3,7461.4,7459.2,7461.4
2019-10-24T00:34:00.000Z,7461.4,7461.4,7456.3,7456.3
2019-10-24T00:35:00.000Z,7456.4,7464.9,7456.4,7463.9
2019-10-24T00:36:00.000Z,7462.2,7464.1,7460.3,7460.3
2019-10-24T00:37:00.000Z,7460.3,7463,7458.7,7459.4
2019-10-24T00:38:00.000Z,7459.3,7460.9,7458.5,7460.7
2019-10-24T00:39:00.000Z,7462.9,7462.9,7458.7,7458.7
2019-10-24T00:40:00.000Z,7458.7,7458.7,7452.7,7457.9
2019-10-24T00:41:00.000Z,7458,7459.3,7452.8,7459.3
2019-10-24T00:42:00.000Z,7459.6,7461.6,7454,7454
2019-10-24T00:43:00.000Z,7455.2,7459,7452.3,7452.3
2019-10-24T00:44:00.000Z,7452.3,7456,7452.3,7456
2019-10-24T00:45:00.000Z,7456,7458.3,7456,7458.3
2019-10-24T00:46:00.000Z,7458.3,7458.3,7457.1,7458.3
2019-10-24T00:47:00.000Z,7458.2,7465.4,7458.2,7464.4
2019-10-24T00:48:00.000Z,7464.3,7464.4,7460.9,7462.5
2019-10-24T00:49:00.000Z,7462.5,7463.6,7460.9,7460.9
2019-10-24T00:50:00.000Z,7460.9,7461,7457.5,7457.5
2019-10-24T00:51:00.000Z,7457.6,7457.6,7455.6,7455.7
2019-10-24T00:52:00.000Z,7456,7460,7456,7459.1
2019-10-24T00:53:00.000Z,7460,7465,7457.6,7457.7
2019-10-24T00:54:00.000Z,7457.7,7464.3,7456,7458.1
2019-10-24T00:55:00.000Z,7458.1,7464.4,7458.1,7463.8
2019-10-24T00:56:00.000Z,7463.8,7463.8,7460.1,7460.1
2019-10-24T00:57:00.000Z,7460.2,7460.9,7460.2,7460.8
2019-10-24T00:58:00.000Z,7460.9,7462.7,7460.9,7462.6
2019-10-24T00:59:00.000Z,7462.6,7462.6,7458.2,7460.3
2019-10-24T01:00:00.000Z,7460.3,7462.8,7460.3,7461.8
2019-10-24T01:01:00.000Z,7461.9,7462.7,7461.8,7462.7
2019-10-24T01:02:00.000Z,7462.8,7465.1,7461.9,7463.7
2019-10-24T01:03:00.000Z,7463.7,7463.7,7463.7,7463.7
2019-10-24T01:04:00.000Z,7463.7,7463.8,7457.6,7462.7
2019-10-24T01:05:00.000Z,7462.7,7463.5,7462.7,7463
2019-10-24T01:06:00.000Z,7463,7466,7462.9,7465.2
2019-10-24T01:07:00.000Z,7465.1,7466,7465.1,7466
2019-10-24T01:08:00.000Z,7465.9,7467.5,7464.8,7467.5
2019-10-24T01:09:00.000Z,7467.5,7475.3,7467.5,7474.7
2019-10-24T01:10:00.000Z,7474.7,7474.7,7470.1,7471.3
2019-10-24T01:11:00.000Z,7471.2,7472.2,7466.2,7466.2
2019-10-24T01:12:00.000Z,7469.1,7471.8,7469.1,7469.6
2019-10-24T01:13:00.000Z,7469.6,7471.6,7467.9,7467.9
2019-10-24T01:14:00.000Z,7467.9,7467.9,7458.2,7458.2
2019-10-24T01:15:00.000Z,7458.2,7458.7,7452.1,7454.1
2019-10-24T01:16:00.000Z,7452.1,7454.1,7452,7452.4
2019-10-24T01:17:00.000Z,7452.4,7456.4,7451.5,7451.5
2019-10-24T01:18:00.000Z,7451.4,7452.9,7450.1,7451.7
2019-10-24T01:19:00.000Z,7451.7,7452.5,7451.6,7451.7
2019-10-24T01:20:00.000Z,7452.3,7452.7,7449.1,7451.6
2019-10-24T01:21:00.000Z,7451.6,7451.6,7448.7,7448.8
2019-10-24T01:22:00.000Z,7448.8,7453.2,7448.8,7453.2
2019-10-24T01:23:00.000Z,7453.3,7455.5,7453.3,7455.4
2019-10-24T01:24:00.000Z,7455.4,7455.4,7450,7450.1
2019-10-24T01:25:00.000Z,7451.5,7452.6,7450,7451.2
2019-10-24T01:26:00.000Z,7450.2,7452.4,7450.2,7452.3
2019-10-24T01:27:00.000Z,7452.3,7452.3,7452.2,7452.2
2019-10-24T01:28:00.000Z,7452.3,7454.9,7451.6,7453.5
2019-10-24T01:29:00.000Z,7452.9,7452.9,7452.8,7452.9
2019-10-24T01:30:00.000Z,7452.9,7455,7451.6,7451.6
2019-10-24T01:31:00.000Z,7451.1,7452.9,7451.1,7452.9
2019-10-24T01:32:00.000Z,7452.8,7452.8,7450.8,7451.2
2019-10-24T01:33:00.000Z,7451.1,7451.1,7450,7450.1
2019-10-24T01:34:00.000Z,7450,7450.1,7446.5,7447.4
2019-10-24T01:35:00.000Z,7447.5,7447.5,7429.3,7438.4
2019-10-24T01:36:00.000Z,7438.4,7438.6,7431.5,7437.2
2019-10-24T01:37:00.000Z,7437.1,7442.5,7435.6,7437
2019-10-24T01:38:00.000Z,7436.9,7436.9,7429.2,7429.5
2019-10-24T01:39:00.000Z,7429.5,7436.4,7423.2,7425.8
2019-10-24T01:40:00.000Z,7428.5,7428.5,7420,7423.9
2019-10-24T01:41:00.000Z,7423.9,7427.3,7418.5,7427.3
2019-10-24T01:42:00.000Z,7427.3,7430.4,7420.8,7429.7
2019-10-24T01:43:00.000Z,7429.6,7437.3,7427.1,7434.1
2019-10-24T01:44:00.000Z,7433.2,7433.2,7425.2,7426.6
2019-10-24T01:45:00.000Z,7426.6,7431.8,7424.9,7431.8
2019-10-24T01:46:00.000Z,7433.9,7433.9,7428.9,7429.2
2019-10-24T01:47:00.000Z,7429,7432.6,7429,7432.5
2019-10-24T01:48:00.000Z,7432.6,7432.6,7429.8,7432.1
2019-10-24T01:49:00.000Z,7432.1,7433.6,7430.8,7433.6
2019-10-24T01:50:00.000Z,7435.2,7436.3,7433.4,7435.8
2019-10-24T01:51:00.000Z,7435.8,7435.8,7427.8,7430.6
2019-10-24T01:52:00.000Z,7430.6,7431.4,7427.6,7429.3
2019-10-24T01:53:00.000Z,7429.2,7431.4,7425.6,7431.4
2019-10-24T01:54:00.000Z,7431.4,7432.6,7428.8,7430.2
2019-10-24T01:55:00.000Z,7431.9,7435.5,7431.7,7432
2019-10-24T01:56:00.000Z,7432.1,7435.6,7432.1,7435.5
2019-10-24T01:57:00.000Z,7435.6,7435.6,7435.4,7435.4
2019-10-24T01:58:00.000Z,7435.1,7438.2,7435.1,7438.2
2019-10-24T01:59:00.000Z,7438.1,7438.1,7435.9,7436
2019-10-24T02:00:00.000Z,7436.8,7439.6,7435,7439.5
2019-10-24T02:01:00.000Z,7439.5,7440.8,7437.1,7437.1
2019-10-24T02:02:00.000Z,7437.1,7437.1,7430.1,7430.3
2019-10-24T02:03:00.000Z,7430.4,7435.8,7427.3,7435.5
2019-10-24T02:04:00.000Z,7434.5,7437,7431.4,7431.4
2019-10-24T02:05:00.000Z,7431.3,7433.5,7428.9,7431.2
2019-10-24T02:06:00.000Z,7431.2,7431.2,7429,7431.2
2019-10-24T02:07:00.000Z,7431.2,7431.2,7428.8,7430.6
2019-10-24T02:08:00.000Z,7430.6,7430.6,7428.8,7428.8
2019-10-24T02:09:00.000Z,7428.8,7431,7428.3,7429.9
2019-10-24T02:10:00.000Z,7429.9,7434.9,7429.8,7430.9
2019-10-24T02:11:00.000Z,7429.2,7431.1,7429.2,7431
2019-10-24T02:12:00.000Z,7431.1,7431.1,7429.6,7429.8
2019-10-24T02:13:00.000Z,7429.9,7434.4,7429.7,7431.2
2019-10-24T02:14:00.000Z,7431,7431,7428,7429.9
2019-10-24T02:15:00.000Z,7429.9,7432.8,7427.9,7428.5
2019-10-24T02:16:00.000Z,7428.1,7428.1,7415.8,7421.4
2019-10-24T02:17:00.000Z,7421.4,7425.9,7416.3,7421.6
2019-10-24T02:18:00.000Z,7422.2,7425.7,7413,7414
2019-10-24T02:19:00.000Z,7414,7415,7411,7411
2019-10-24T02:20:00.000Z,7411,7414.2,7402,7406
2019-10-24T02:21:00.000Z,7406,7420.3,7404,7413.8
2019-10-24T02:22:00.000Z,7413.2,7415.1,7406.9,7410.1
2019-10-24T02:23:00.000Z,7410,7411.9,7409.3,7410.2
2019-10-24T02:24:00.000Z,7410.2,7412,7409.2,7410.2
2019-10-24T02:25:00.000Z,7410.2,7415.1,7409,7410.7
2019-10-24T02:26:00.000Z,7410.7,7415.1,7410.7,7415.1
2019-10-24T02:27:00.000Z,7415.1,7420.7,7411.9,7411.9
2019-10-24T02:28:00.000Z,7411.9,7413,7409.7,7409.7
2019-10-24T02:29:00.000Z,7409.7,7410.2,7408.8,7409.1
2019-10-24T02:30:00.000Z,7409,7410.2,7404.9,7410.1
2019-10-24T02:31:00.000Z,7410.2,7417.9,7406.4,7406.4
2019-10-24T02:32:00.000Z,7406.4,7406.4,7402.6,7402.6
2019-10-24T02:33:00.000Z,7402.6,7408.1,7402.5,7404.4
2019-10-24T02:34:00.000Z,7404.4,7422.9,7404.4,7419.1
2019-10-24T02:35:00.000Z,7419,7426.7,7415.3,7422.1
2019-10-24T02:36:00.000Z,7422.1,7429.1,7422.1,7423
2019-10-24T02:37:00.000Z,7425.6,7428.3,7423.4,7423.6
2019-10-24T02:38:00.000Z,7423.6,7425.5,7423.6,7424.2
2019-10-24T02:39:00.000Z,7425.4,7425.5,7424.1,7425.5
2019-10-24T02:40:00.000Z,7425.4,7425.4,7417.7,7419.5
2019-10-24T02:41:00.000Z,7419.5,7429,7419.5,7429
2019-10-24T02:42:00.000Z,7429,7429,7422.7,7422.7
2019-10-24T02:43:00.000Z,7422.7,7426,7421.7,7426
2019-10-24T02:44:00.000Z,7426,7426,7420.7,7420.7
2019-10-24T02:45:00.000Z,7420.7,7420.7,7416,7416
2019-10-24T02:46:00.000Z,7416,7426,7416,7426
2019-10-24T02:47:00.000Z,7426,7434.8,7423.8,7433
2019-10-24T02:48:00.000Z,7432.9,7436.8,7431.4,7435
2019-10-24T02:49:00.000Z,7435.2,7437,7430.7,7435.2
2019-10-24T02:50:00.000Z,7434.3,7434.5,7431.9,7432
2019-10-24T02:51:00.000Z,7432,7436.9,7432,7436.8
2019-10-24T02:52:00.000Z,7435.8,7437,7435.8,7437
2019-10-24T02:53:00.000Z,7437,7438.8,7434.5,7434.6
2019-10-24T02:54:00.000Z,7434.6,7436.9,7426.9,7431.3
2019-10-24T02:55:00.000Z,7431.3,7437.9,7431.3,7433.8
2019-10-24T02:56:00.000Z,7433.8,7433.8,7427.2,7427.5
2019-10-24T02:57:00.000Z,7427.5,7428.9,7425.7,7428.1
2019-10-24T02:58:00.000Z,7428.1,7428.1,7425.9,7426.1
2019-10-24T02:59:00.000Z,7426,7426.1,7424.1,7424.1
2019-10-24T03:00:00.000Z,7424.2,7432.1,7424.2,7428.2
2019-10-24T03:01:00.000Z,7428.3,7428.3,7425.1,7425.2
2019-10-24T03:02:00.000Z,7425.1,7425.2,7418.2,7418.5
2019-10-24T03:03:00.000Z,7418.5,7418.5,7416.6,7418.4
2019-10-24T03:04:00.000Z,7417.3,7417.3,7413.4,7414.5
2019-10-24T03:05:00.000Z,7415.7,7415.7,7410.9,7410.9
2019-10-24T03:06:00.000Z,7411.5,7415.3,7410.2,7410.2
2019-10-24T03:07:00.000Z,7410.2,7414.9,7410.2,7412.8
2019-10-24T03:08:00.000Z,7412.8,7412.8,7412,7412.7
2019-10-24T03:09:00.000Z,7412.7,7417.2,7412.6,7416.6
2019-10-24T03:10:00.000Z,7416.6,7418.8,7416.4,7416.4
2019-10-24T03:11:00.000Z,7416.4,7416.4,7416.4,7416.4
2019-10-24T03:12:00.000Z,7416.3,7416.4,7414.9,7414.9
2019-10-24T03:13:00.000Z,7413.4,7413.4,7406.7,7406.9
2019-10-24T03:14:00.000Z,7406.8,7408.3,7402.7,7408.1
2019-10-24T03:15:00.000Z,7408.1,7415.2,7407.9,7412.6
2019-10-24T03:16:00.000Z,7412.5,7412.5,7404,7408.2
2019-10-24T03:17:00.000Z,7408.1,7410,7402,7410
2019-10-24T03:18:00.000Z,7410,7415,7406.8,7411.7
2019-10-24T03:19:00.000Z,7411.8,7413.8,7409,7413.1
2019-10-24T03:20:00.000Z,7413.6,7413.6,7406.7,7406.7
2019-10-24T03:21:00.000Z,7406.7,7406.8,7401,7403
2019-10-24T03:22:00.000Z,7404.4,7404.5,7401.8,7402.7
2019-10-24T03:23:00.000Z,7402.7,7408.3,7402.7,7408.2
2019-10-24T03:24:00.000Z,7408.2,7408.3,7405.8,7408
2019-10-24T03:25:00.000Z,7407.1,7410.1,7406.8,7408.7
2019-10-24T03:26:00.000Z,7408.6,7408.6,7408.2,7408.6
2019-10-24T03:27:00.000Z,7408.6,7408.6,7401.8,7406.3
2019-10-24T03:28:00.000Z,7406.2,7406.2,7400,7402.4
2019-10-24T03:29:00.000Z,7402.8,7402.8,7400,7400.1
2019-10-24T03:30:00.000Z,7400,7400.9,7400,7400.7
2019-10-24T03:31:00.000Z,7400.7,7408.6,7400.6,7408.6
2019-10-24T03:32:00.000Z,7408.6,7408.6,7405.7,7405.7
2019-10-24T03:33:00.000Z,7405.7,7408,7404.5,7404.5
2019-10-24T03:34:00.000Z,7404.5,7408.3,7404.5,7408.3
2019-10-24T03:35:00.000Z,7408.3,7408.6,7408.2,7408.6
2019-10-24T03:36:00.000Z,7408.6,7413.9,7408.5,7413.9
2019-10-24T03:37:00.000Z,7413.9,7420.4,7413.9,7420.4
2019-10-24T03:38:00.000Z,7420.4,7427.9,7418.4,7425.9
2019-10-24T03:39:00.000Z,7426.3,7426.3,7419.1,7419.1
2019-10-24T03:40:00.000Z,7417.9,7422.8,7417.9,7422.3
2019-10-24T03:41:00.000Z,7422.2,7426.3,7422.2,7425.7
2019-10-24T03:42:00.000Z,7425.8,7428.1,7422,7422
2019-10-24T03:43:00.000Z,7423.3,7423.4,7422.3,7423
2019-10-24T03:44:00.000Z,7423,7423.3,7423,7423.3
2019-10-24T03:45:00.000Z,7423.3,7429,7423.3,7424.3
2019-10-24T03:46:00.000Z,7424.3,7427.3,7424.3,7424.3
2019-10-24T03:47:00.000Z,7424.3,7428.3,7423.2,7423.2
2019-10-24T03:48:00.000Z,7423.2,7424.6,7423.2,7424.6
2019-10-24T03:49:00.000Z,7424.6,7424.6,7423,7423
2019-10-24T03:50:00.000Z,7423,7423.1,7418.6,7418.6
2019-10-24T03:51:00.000Z,7417.4,7417.4,7407.5,7410.3
2019-10-24T03:52:00.000Z,7410.3,7413.1,7410.2,7410.6
2019-10-24T03:53:00.000Z,7410.7,7410.7,7407.8,7410.1
2019-10-24T03:54:00.000Z,7409.1,7409.1,7406.5,7406.6
2019-10-24T03:55:00.000Z,7406.6,7406.6,7399.4,7399.5
2019-10-24T03:56:00.000Z,7399.5,7406.4,7399.4,7406.2
2019-10-24T03:57:00.000Z,7406.3,7413.9,7406.3,7413.5
2019-10-24T03:58:00.000Z,7413.6,7413.6,7407.3,7410.5
2019-10-24T03:59:00.000Z,7410.5,7410.5,7405.9,7408.7
2019-10-24T04:00:00.000Z,7410.1,7410.1,7398,7398.2
2019-10-24T04:01:00.000Z,7398.2,7409.3,7398.1,7409.3
2019-10-24T04:02:00.000Z,7409.3,7413.3,7409.3,7411.3
2019-10-24T04:03:00.000Z,7411.2,7411.2,7400.3,7400.4
2019-10-24T04:04:00.000Z,7400.4,7410.6,7396,7409.4
2019-10-24T04:05:00.000Z,7409.3,7409.3,7401.7,7401.7
2019-10-24T04:06:00.000Z,7401.8,7410.3,7400.2,7410.3
2019-10-24T04:07:00.000Z,7410.3,7412,7405.4,7407
2019-10-24T04:08:00.000Z,7407.1,7407.1,7404.5,7406.4
2019-10-24T04:09:00.000Z,7406.8,7410.5,7404.7,7410.5
2019-10-24T04:10:00.000Z,7410.4,7410.4,7403.5,7403.5
2019-10-24T04:11:00.000Z,7403.5,7404.8,7401.8,7402
2019-10-24T04:12:00.000Z,7402,7403.1,7400.8,7400.9
2019-10-24T04:13:00.000Z,7400.9,7406.7,7400.8,7401.6
2019-10-24T04:14:00.000Z,7401.5,7401.6,7398.8,7398.8
2019-10-24T04:15:00.000Z,7398.9,7404.3,7398.9,7401.9
2019-10-24T04:16:00.000Z,7404,7409.7,7402.1,7405.2
2019-10-24T04:17:00.000Z,7405.1,7411,7403.7,7407.5
2019-10-24T04:18:00.000Z,7407.4,7407.4,7404.2,7404.2
2019-10-24T04:19:00.000Z,7404.1,7404.2,7404.1,7404.2
2019-10-24T04:20:00.000Z,7404.1,7411.9,7404.1,7408.8
2019-10-24T04:21:00.000Z,7408.7,7411.5,7408.4,7408.4
2019-10-24T04:22:00.000Z,7411.1,7411.9,7408,7411.9
2019-10-24T04:23:00.000Z,7410.7,7419.3,7409.9,7416.6
2019-10-24T04:24:00.000Z,7416.3,7425.8,7416.3,7425.8
2019-10-24T04:25:00.000Z,7425.8,7425.8,7418.4,7418.4
2019-10-24T04:26:00.000Z,7419.4,7421.3,7409.9,7419.9
2019-10-24T04:27:00.000Z,7420.8,7428.9,7419.6,7421.1
2019-10-24T04:28:00.000Z,7421.1,7423.2,7420.1,7423.2
2019-10-24T04:29:00.000Z,7421,7421,7417.6,7417.6
2019-10-24T04:30:00.000Z,7418.7,7422.9,7417.8,7417.9
2019-10-24T04:31:00.000Z,7417.9,7417.9,7414.2,7414.3
2019-10-24T04:32:00.000Z,7414.3,7420.5,7414.3,7419.7
2019-10-24T04:33:00.000Z,7419.6,7419.6,7414.2,7415.8
2019-10-24T04:34:00.000Z,7415.9,7415.9,7409.4,7409.5
2019-10-24T04:35:00.000Z,7409.5,7410.9,7401.5,7407.3
2019-10-24T04:36:00.000Z,7407.2,7410.7,7406.1,7410.7
2019-10-24T04:37:00.000Z,7410.6,7410.6,7404.3,7404.3
2019-10-24T04:38:00.000Z,7404.1,7407.1,7404,7404.1
2019-10-24T04:39:00.000Z,7404,7404.1,7402,7402.6
2019-10-24T04:40:00.000Z,7402.6,7404,7400,7404
2019-10-24T04:41:00.000Z,7404,7404,7403.9,7404
2019-10-24T04:42:00.000Z,7404,7405.7,7401.7,7401.7
2019-10-24T04:43:00.000Z,7401.8,7405.1,7401.8,7405.1
2019-10-24T04:44:00.000Z,7405,7405.8,7402.8,7405.2
2019-10-24T04:45:00.000Z,7405.2,7407.5,7405.2,7406.3
2019-10-24T04:46:00.000Z,7406.3,7406.3,7406.2,7406.2
2019-10-24T04:47:00.000Z,7404.3,7407.4,7404.2,7405.1
2019-10-24T04:48:00.000Z,7404,7408.1,7404,7407.9
2019-10-24T04:49:00.000Z,7407.8,7407.9,7407.8,7407.9
2019-10-24T04:50:00.000Z,7407.9,7407.9,7407.9,7407.9
2019-10-24T04:51:00.000Z,7407.9,7414.4,7407.9,7414.4
2019-10-24T04:52:00.000Z,7414.3,7415.2,7410.2,7415
2019-10-24T04:53:00.000Z,7415,7418.3,7415,7416.5
2019-10-24T04:54:00.000Z,7415.8,7421.1,7414.4,7419.5
2019-10-24T04:55:00.000Z,7417.6,7419,7414.3,7416
2019-10-24T04:56:00.000Z,7416,7421.5,7414.6,7418.8
2019-10-24T04:57:00.000Z,7418.8,7420.6,7417.1,7418.3
2019-10-24T04:58:00.000Z,7417.1,7417.1,7411.8,7411.8
2019-10-24T04:59:00.000Z,7411.8,7415.5,7410.6,7414.7
2019-10-24T05:00:00.000Z,7414.8,7419,7412.3,7413.3
2019-10-24T05:01:00.000Z,7413.1,7416.7,7413,7413.1
2019-10-24T05:02:00.000Z,7413.1,7416.7,7411.6,7412.5
2019-10-24T05:03:00.000Z,7412.5,7417.3,7411.2,7415.4
2019-10-24T05:04:00.000Z,7417.7,7420,7416.2,7420
2019-10-24T05:05:00.000Z,7420,7420,7416,7417.1
2019-10-24T05:06:00.000Z,7417.1,7418.6,7412,7412
2019-10-24T05:07:00.000Z,7413.9,7417.5,7412.1,7416.8
2019-10-24T05:08:00.000Z,7416.7,7416.8,7410,7410
2019-10-24T05:09:00.000Z,7410,7413.8,7408.8,7411.1
2019-10-24T05:10:00.000Z,7411.1,7415.4,7411,7413.4
2019-10-24T05:11:00.000Z,7413.3,7416.5,7412.5,7415
2019-10-24T05:12:00.000Z,7415,7420,7413.4,7418.2
2019-10-24T05:13:00.000Z,7418.2,7420,7415.5,7420
2019-10-24T05:14:00.000Z,7420,7422.2,7415.8,7416.2
2019-10-24T05:15:00.000Z,7416.3,7420,7414.2,7419.9
2019-10-24T05:16:00.000Z,7418.8,7425,7416.6,7423.6
2019-10-24T05:17:00.000Z,7423.5,7423.6,7417.2,7421.5
2019-10-24T05:18:00.000Z,7421.5,7421.6,7419.1,7419.7
2019-10-24T05:19:00.000Z,7419.7,7422.7,7417.5,7419.1
2019-10-24T05:20:00.000Z,7419.1,7420.6,7418.8,7420
2019-10-24T05:21:00.000Z,7420,7420.1,7416.6,7418.2
2019-10-24T05:22:00.000Z,7418.3,7419.2,7415.1,7415.7
2019-10-24T05:23:00.000Z,7416.8,7420.3,7416.8,7418.8
2019-10-24T05:24:00.000Z,7419.6,7419.6,7414.5,7414.6
2019-10-24T05:25:00.000Z,7414.6,7421.6,7414.5,7421.6
2019-10-24T05:26:00.000Z,7421.6,7421.7,7420,7420
2019-10-24T05:27:00.000Z,7420,7420,7415.8,7418.2
2019-10-24T05:28:00.000Z,7418.2,7418.2,7414.9,7414.9
2019-10-24T05:29:00.000Z,7415,7418.1,7414.5,7414.6
2019-10-24T05:30:00.000Z,7414.6,7421.7,7414.6,7421
2019-10-24T05:31:00.000Z,7421,7421,7417.9,7418.1
2019-10-24T05:32:00.000Z,7418.1,7419.3,7418,7418
2019-10-24T05:33:00.000Z,7418,7418,7416.4,7418
2019-10-24T05:34:00.000Z,7418,7421.1,7416,7416
2019-10-24T05:35:00.000Z,7416,7418.5,7415.9,7416.5
2019-10-24T05:36:00.000Z,7416.9,7420.5,7416.9,7419.6
2019-10-24T05:37:00.000Z,7417.9,7417.9,7416.9,7416.9
2019-10-24T05:38:00.000Z,7416.9,7416.9,7416.9,7416.9
2019-10-24T05:39:00.000Z,7416.8,7416.9,7416.8,7416.9
2019-10-24T05:40:00.000Z,7416.8,7416.8,7415,7415
2019-10-24T05:41:00.000Z,7415,7415,7414.9,7414.9
2019-10-24T05:42:00.000Z,7414.9,7414.9,7411.2,7411.6
2019-10-24T05:43:00.000Z,7411.5,7411.5,7409.8,7409.9
2019-10-24T05:44:00.000Z,7409.9,7409.9,7407.1,7407.2
2019-10-24T05:45:00.000Z,7407.2,7412.1,7407.2,7410.6
2019-10-24T05:46:00.000Z,7410.6,7410.6,7410.5,7410.5
2019-10-24T05:47:00.000Z,7410.6,7411.9,7410.6,7410.6
2019-10-24T05:48:00.000Z,7410.6,7410.7,7409.1,7409.1
2019-10-24T05:49:00.000Z,7409.2,7410.9,7409.1,7409.9
2019-10-24T05:50:00.000Z,7410,7410,7409.9,7409.9
2019-10-24T05:51:00.000Z,7408.9,7409,7408.8,7408.8
2019-10-24T05:52:00.000Z,7408.8,7408.8,7408.8,7408.8
2019-10-24T05:53:00.000Z,7408.9,7415.3,7408.9,7414
2019-10-24T05:54:00.000Z,7414.1,7416.7,7411.9,7411.9
2019-10-24T05:55:00.000Z,7412.5,7412.5,7410.9,7412
2019-10-24T05:56:00.000Z,7412,7412,7411.9,7412
2019-10-24T05:57:00.000Z,7411.9,7411.9,7410.6,7410.7
2019-10-24T05:58:00.000Z,7410.7,7410.7,7405.8,7408.4
2019-10-24T05:59:00.000Z,7408.5,7408.5,7406.2,7408.4
2019-10-24T06:00:00.000Z,7408.4,7408.4,7405.6,7405.6
2019-10-24T06:01:00.000Z,7406.8,7406.9,7405.7,7405.9
2019-10-24T06:02:00.000Z,7405.9,7406,7405,7405.4
2019-10-24T06:03:00.000Z,7405.3,7407.8,7404,7405.2
2019-10-24T06:04:00.000Z,7405.2,7405.2,7405.1,7405.2
2019-10-24T06:05:00.000Z,7405.2,7407.7,7405.1,7406.3
2019-10-24T06:06:00.000Z,7406.3,7406.8,7406.3,7406.3
2019-10-24T06:07:00.000Z,7406.3,7406.3,7402.9,7402.9
2019-10-24T06:08:00.000Z,7402.9,7402.9,7402.8,7402.9
2019-10-24T06:09:00.000Z,7402.9,7402.9,7402.9,7402.9
2019-10-24T06:10:00.000Z,7402.9,7405.2,7402.9,7405.2
2019-10-24T06:11:00.000Z,7405.2,7405.2,7403,7403
2019-10-24T06:12:00.000Z,7403,7403,7402.8,7403
2019-10-24T06:13:00.000Z,7403,7403.9,7403,7403.9
2019-10-24T06:14:00.000Z,7403.9,7403.9,7401.8,7402.9
2019-10-24T06:15:00.000Z,7402.9,7402.9,7402.8,7402.9
2019-10-24T06:16:00.000Z,7402.9,7402.9,7402.8,7402.9
2019-10-24T06:17:00.000Z,7402.9,7402.9,7401.4,7401.9
2019-10-24T06:18:00.000Z,7401.9,7404.1,7400,7400.8
2019-10-24T06:19:00.000Z,7400.8,7403.3,7400.4,7400.7
2019-10-24T06:20:00.000Z,7400.7,7400.8,7400.1,7400.1
2019-10-24T06:21:00.000Z,7400.1,7400.1,7365.2,7381.9
2019-10-24T06:22:00.000Z,7382.4,7382.6,7367.3,7373.3
2019-10-24T06:23:00.000Z,7372.6,7379.8,7369.3,7377.6
2019-10-24T06:24:00.000Z,7377.6,7377.6,7373.4,7376.2
2019-10-24T06:25:00.000Z,7376.2,7383.4,7374.2,7381.9
2019-10-24T06:26:00.000Z,7382.5,7383.4,7380.5,7381.8
2019-10-24T06:27:00.000Z,7381.8,7381.9,7372.5,7373.8
2019-10-24T06:28:00.000Z,7373.8,7375.4,7371.5,7373
2019-10-24T06:29:00.000Z,7373,7383.4,7373,7376.2
2019-10-24T06:30:00.000Z,7376.2,7382.4,7376.2,7381.8
2019-10-24T06:31:00.000Z,7381.8,7381.8,7379,7379.3
2019-10-24T06:32:00.000Z,7379.3,7380.1,7379.2,7380.1
2019-10-24T06:33:00.000Z,7380,7393.2,7380,7393.2
2019-10-24T06:34:00.000Z,7392.2,7392.2,7384.5,7385.9
2019-10-24T06:35:00.000Z,7385.9,7385.9,7379.6,7379.7
2019-10-24T06:36:00.000Z,7379.6,7381.1,7379.6,7381.1
2019-10-24T06:37:00.000Z,7381.1,7381.9,7380.9,7381
2019-10-24T06:38:00.000Z,7380.9,7381,7379.6,7379.6
2019-10-24T06:39:00.000Z,7379.6,7379.7,7379.6,7379.7
2019-10-24T06:40:00.000Z,7379.7,7381.1,7379.7,7380.2
2019-10-24T06:41:00.000Z,7380.4,7380.4,7379.8,7380
2019-10-24T06:42:00.000Z,7379.9,7383.8,7379.9,7382.5
2019-10-24T06:43:00.000Z,7382.5,7382.5,7368.5,7368.5
2019-10-24T06:44:00.000Z,7367.4,7367.5,7359.4,7365
2019-10-24T06:45:00.000Z,7365,7365,7344.7,7351.8
2019-10-24T06:46:00.000Z,7350.6,7357.1,7350.6,7355.2
2019-10-24T06:47:00.000Z,7355.2,7355.2,7340.8,7350.6
2019-10-24T06:48:00.000Z,7351.4,7360,7350.2,7357.2
2019-10-24T06:49:00.000Z,7357.2,7366.8,7357.1,7361.1
2019-10-24T06:50:00.000Z,7361.1,7364.9,7360,7364.9
2019-10-24T06:51:00.000Z,7362.8,7372.1,7361.9,7371.9
2019-10-24T06:52:00.000Z,7372.8,7372.8,7364.6,7365.9
2019-10-24T06:53:00.000Z,7365.8,7368.8,7362.8,7368.8
2019-10-24T06:54:00.000Z,7368.8,7369.1,7365,7365
2019-10-24T06:55:00.000Z,7365,7365,7360.3,7363.2
2019-10-24T06:56:00.000Z,7363.1,7363.2,7358.8,7359.3
2019-10-24T06:57:00.000Z,7358.8,7358.8,7350.8,7353.8
2019-10-24T06:58:00.000Z,7355,7358,7352,7354.5
2019-10-24T06:59:00.000Z,7354.5,7362.7,7354.1,7359.4
2019-10-24T07:00:00.000Z,7359.5,7362.6,7359.4,7362.6
2019-10-24T07:01:00.000Z,7362.6,7375.8,7362.6,7373.8
2019-10-24T07:02:00.000Z,7373.8,7381.5,7371.9,7377.8
2019-10-24T07:03:00.000Z,7377.8,7401.9,7376.1,7391.1
2019-10-24T07:04:00.000Z,7392,7396.8,7389.4,7394.1
2019-10-24T07:05:00.000Z,7394,7407,7393.9,7399.3
2019-10-24T07:06:00.000Z,7401.5,7403.8,7398.4,7398.4
2019-10-24T07:07:00.000Z,7398.4,7398.4,7392.6,7393.9
2019-10-24T07:08:00.000Z,7394.2,7401.1,7394.2,7395.2
2019-10-24T07:09:00.000Z,7394.5,7396.2,7390.2,7392.7
2019-10-24T07:10:00.000Z,7392.7,7396.1,7391.4,7391.6
2019-10-24T07:11:00.000Z,7391.6,7391.7,7390.8,7390.8
2019-10-24T07:12:00.000Z,7390.8,7390.8,7389.2,7390.2
2019-10-24T07:13:00.000Z,7390.2,7397.7,7390.2,7397.7
2019-10-24T07:14:00.000Z,7397.7,7400,7396.9,7399.9
2019-10-24T07:15:00.000Z,7399.9,7433,7399.8,7418.5
2019-10-24T07:16:00.000Z,7418.6,7420.6,7412.1,7412.1
2019-10-24T07:17:00.000Z,7411.5,7420.5,7411.5,7419.8
2019-10-24T07:18:00.000Z,7419.8,7419.8,7409.7,7411.4
2019-10-24T07:19:00.000Z,7411.4,7421.9,7411.4,7417.6
2019-10-24T07:20:00.000Z,7417.6,7430.7,7414.8,7430.6
2019-10-24T07:21:00.000Z,7430.7,7432.9,7419.4,7419.4
2019-10-24T07:22:00.000Z,7419.3,7433.7,7419.3,7427.5
2019-10-24T07:23:00.000Z,7427.3,7427.3,7422.3,7422.3
2019-10-24T07:24:00.000Z,7422.2,7422.2,7418.2,7419.9
2019-10-24T07:25:00.000Z,7420,7420,7415.6,7418
2019-10-24T07:26:00.000Z,7418,7420.9,7417.9,7419.2
2019-10-24T07:27:00.000Z,7419.1,7419.1,7416.1,7416.2
2019-10-24T07:28:00.000Z,7416.2,7423.7,7416.2,7420.4
2019-10-24T07:29:00.000Z,7420.4,7422.6,7418.1,7418.2
2019-10-24T07:30:00.000Z,7418.2,7426.9,7418.2,7426.8
2019-10-24T07:31:00.000Z,7426.9,7426.9,7423.8,7426.1
2019-10-24T07:32:00.000Z,7426.7,7432.7,7426.7,7429
2019-10-24T07:33:00.000Z,7430.1,7438.6,7426,7426.5
2019-10-24T07:34:00.000Z,7426.9,7428.6,7426.9,7427.9
2019-10-24T07:35:00.000Z,7428,7433.7,7427.9,7433.7
2019-10-24T07:36:00.000Z,7433.7,7436.8,7433.6,7436.7
2019-10-24T07:37:00.000Z,7435,7435,7428,7428
2019-10-24T07:38:00.000Z,7428,7428,7421.4,7422.7
2019-10-24T07:39:00.000Z,7420.9,7421,7417.6,7417.6
2019-10-24T07:40:00.000Z,7417.6,7417.6,7417.5,7417.6
2019-10-24T07:41:00.000Z,7417.5,7417.6,7417.5,7417.6
2019-10-24T07:42:00.000Z,7417.5,7418.5,7417.5,7417.6
2019-10-24T07:43:00.000Z,7417.6,7417.6,7414.4,7414.4
2019-10-24T07:44:00.000Z,7414.4,7415,7413.4,7415
2019-10-24T07:45:00.000Z,7415,7424,7414.9,7423.4
2019-10-24T07:46:00.000Z,7423.4,7423.4,7417,7418.3
2019-10-24T07:47:00.000Z,7418.3,7418.3,7415.4,7416.9
2019-10-24T07:48:00.000Z,7417.7,7419.8,7417.7,7419.5
2019-10-24T07:49:00.000Z,7419.5,7421.7,7419.4,7421.7
2019-10-24T07:50:00.000Z,7421.7,7423.4,7421.6,7423.4
2019-10-24T07:51:00.000Z,7423.4,7425.4,7423.3,7425.4
2019-10-24T07:52:00.000Z,7425.4,7425.4,7421.7,7423.7
2019-10-24T07:53:00.000Z,7423.8,7423.8,7420.4,7420.4
2019-10-24T07:54:00.000Z,7420.3,7420.3,7418.6,7418.7
2019-10-24T07:55:00.000Z,7418.7,7420.4,7405,7419.7
2019-10-24T07:56:00.000Z,7419.7,7420.8,7419.4,7419.4
2019-10-24T07:57:00.000Z,7418.3,7418.3,7418.2,7418.3
2019-10-24T07:58:00.000Z,7418.3,7420.1,7418.2,7420.1
2019-10-24T07:59:00.000Z,7420.1,7422.9,7420.1,7420.1
2019-10-24T08:00:00.000Z,7420.1,7420.1,7419.6,7419.9
2019-10-24T08:01:00.000Z,7419.9,7419.9,7418.3,7419.2
2019-10-24T08:02:00.000Z,7419.2,7419.3,7417,7417.1
2019-10-24T08:03:00.000Z,7417.1,7417.1,7414.7,7414.7
2019-10-24T08:04:00.000Z,7414.7,7414.7,7412.7,7412.8
2019-10-24T08:05:00.000Z,7412.7,7412.7,7408.4,7410.2
2019-10-24T08:06:00.000Z,7410.2,7410.2,7409.3,7409.3
2019-10-24T08:07:00.000Z,7409.3,7412,7409.3,7411.9
2019-10-24T08:08:00.000Z,7411.9,7411.9,7408,7408
2019-10-24T08:09:00.000Z,7408,7408.6,7406.4,7408.6
2019-10-24T08:10:00.000Z,7407.3,7407.3,7401.1,7403.9
2019-10-24T08:11:00.000Z,7402.1,7402.1,7396.9,7401.2
2019-10-24T08:12:00.000Z,7401.2,7401.9,7397.5,7397.8
2019-10-24T08:13:00.000Z,7396.8,7400.9,7393.5,7393.5
2019-10-24T08:14:00.000Z,7393.5,7407.5,7393.5,7403.7
2019-10-24T08:15:00.000Z,7403.6,7403.7,7396.7,7396.8
2019-10-24T08:16:00.000Z,7396.8,7406,7395.1,7405.3
2019-10-24T08:17:00.000Z,7405.3,7407.1,7403.5,7407.1
2019-10-24T08:18:00.000Z,7407.8,7408.9,7407.2,7407.7
2019-10-24T08:19:00.000Z,7407.8,7409.7,7407.8,7407.8
2019-10-24T08:20:00.000Z,7407.9,7411.3,7407.9,7411.2
2019-10-24T08:21:00.000Z,7411.3,7413.7,7411.3,7413.7
2019-10-24T08:22:00.000Z,7414.6,7414.7,7411.9,7412.9
2019-10-24T08:23:00.000Z,7412.9,7412.9,7410,7412.2
2019-10-24T08:24:00.000Z,7412.2,7416.2,7412.2,7416.2
2019-10-24T08:25:00.000Z,7418.1,7418.1,7413.8,7415.5
2019-10-24T08:26:00.000Z,7415.5,7415.6,7414.4,7414.4
2019-10-24T08:27:00.000Z,7414.4,7416.7,7414.4,7414.4
2019-10-24T08:28:00.000Z,7414.5,7418.6,7414.5,7418.6
2019-10-24T08:29:00.000Z,7417.2,7421,7416.4,7421
2019-10-24T08:30:00.000Z,7421,7428.8,7421,7425
2019-10-24T08:31:00.000Z,7425.1,7425.1,7418.1,7420.2
2019-10-24T08:32:00.000Z,7420.3,7425.1,7420.2,7424.9
2019-10-24T08:33:00.000Z,7424.8,7425.2,7421.5,7423.2
2019-10-24T08:34:00.000Z,7424.7,7426.3,7423.6,7424.8
2019-10-24T08:35:00.000Z,7424.7,7442.1,7423,7434.1
2019-10-24T08:36:00.000Z,7434.1,7434.2,7427.5,7429.9
2019-10-24T08:37:00.000Z,7429.8,7429.8,7425.9,7429.1
2019-10-24T08:38:00.000Z,7428.7,7435.3,7428.7,7435
2019-10-24T08:39:00.000Z,7435,7443.3,7433.7,7439.3
2019-10-24T08:40:00.000Z,7439.3,7441.8,7433.5,7433.5
2019-10-24T08:41:00.000Z,7433.7,7440.6,7433.6,7439.3
2019-10-24T08:42:00.000Z,7439.3,7439.3,7436.7,7438.9
2019-10-24T08:43:00.000Z,7438.8,7438.9,7434.2,7434.2
2019-10-24T08:44:00.000Z,7434.2,7434.3,7429.1,7431
2019-10-24T08:45:00.000Z,7431.1,7434.4,7431,7434.1
2019-10-24T08:46:00.000Z,7434.2,7437.3,7434.1,7437.3
2019-10-24T08:47:00.000Z,7437.3,7437.3,7432.7,7432.8
2019-10-24T08:48:00.000Z,7432.8,7432.9,7429.5,7429.5
2019-10-24T08:49:00.000Z,7429.6,7432.1,7429.6,7432
2019-10-24T08:50:00.000Z,7432,7433.9,7432,7433.9
2019-10-24T08:51:00.000Z,7433.8,7433.8,7431.7,7432.3
2019-10-24T08:52:00.000Z,7432.3,7442,7432.3,7441.9
2019-10-24T08:53:00.000Z,7441.9,7453.3,7441.9,7445.8
2019-10-24T08:54:00.000Z,7445.5,7445.5,7436.4,7437.3
2019-10-24T08:55:00.000Z,7437.4,7437.4,7435.1,7435.4
2019-10-24T08:56:00.000Z,7435.3,7436.7,7432.2,7435.9
2019-10-24T08:57:00.000Z,7435.9,7435.9,7433.9,7434.1
2019-10-24T08:58:00.000Z,7434.1,7445,7434.1,7444.9
2019-10-24T08:59:00.000Z,7444.9,7457,7443.2,7449.2
2019-10-24T09:00:00.000Z,7447.1,7456.3,7447,7455.8
2019-10-24T09:01:00.000Z,7455.1,7455.1,7449.6,7451.6
2019-10-24T09:02:00.000Z,7451.6,7454.7,7450.5,7450.5
2019-10-24T09:03:00.000Z,7450,7463.6,7450,7460.7
2019-10-24T09:04:00.000Z,7462.3,7462.3,7453.2,7453.5
2019-10-24T09:05:00.000Z,7453.6,7458.7,7453.6,7454.7
2019-10-24T09:06:00.000Z,7454.7,7454.8,7450.9,7451.8
2019-10-24T09:07:00.000Z,7451.9,7452.1,7451,7451.3
2019-10-24T09:08:00.000Z,7450.8,7451.6,7450.2,7450.2
2019-10-24T09:09:00.000Z,7450.2,7450.2,7445.6,7448.4
2019-10-24T09:10:00.000Z,7448.4,7448.4,7443.4,7443.4
2019-10-24T09:11:00.000Z,7443.3,7443.3,7437.5,7437.5
2019-10-24T09:12:00.000Z,7436.3,7442.5,7436.3,7441.5
2019-10-24T09:13:00.000Z,7441.5,7445,7441.1,7441.8
2019-10-24T09:14:00.000Z,7441,7441.8,7437.4,7437.4
2019-10-24T09:15:00.000Z,7436.7,7443.4,7436.7,7443.4
2019-10-24T09:16:00.000Z,7443.4,7453.1,7443.4,7450.5
2019-10-24T09:17:00.000Z,7450.5,7452.8,7450.5,7451.9
2019-10-24T09:18:00.000Z,7452,7455.2,7450.6,7452.8
2019-10-24T09:19:00.000Z,7452.8,7454.9,7452.1,7452.2
2019-10-24T09:20:00.000Z,7452.2,7455.4,7452.1,7455.4
2019-10-24T09:21:00.000Z,7457,7461.8,7457,7460.7
2019-10-24T09:22:00.000Z,7460.7,7460.7,7458.3,7458.3
2019-10-24T09:23:00.000Z,7458.3,7461.5,7456.3,7457.5
2019-10-24T09:24:00.000Z,7456.7,7456.7,7454,7454.1
2019-10-24T09:25:00.000Z,7454.1,7462.3,7454.1,7460
2019-10-24T09:26:00.000Z,7461.9,7471.6,7461.9,7471.6
2019-10-24T09:27:00.000Z,7471.6,7474.4,7464,7466.5
2019-10-24T09:28:00.000Z,7465.5,7465.5,7460.4,7460.4
2019-10-24T09:29:00.000Z,7460.5,7461.8,7459.3,7461.8
2019-10-24T09:30:00.000Z,7461.8,7471.1,7461.8,7469.8
2019-10-24T09:31:00.000Z,7468.3,7468.3,7464.3,7464.4
2019-10-24T09:32:00.000Z,7464.4,7464.4,7464.3,7464.3
2019-10-24T09:33:00.000Z,7463.4,7463.4,7463.3,7463.4
2019-10-24T09:34:00.000Z,7463.3,7463.3,7458,7458.1
2019-10-24T09:35:00.000Z,7458.1,7458.1,7456.8,7457.3
2019-10-24T09:36:00.000Z,7457.2,7457.3,7455.1,7455.1
2019-10-24T09:37:00.000Z,7455.1,7459.4,7455.1,7459.4
2019-10-24T09:38:00.000Z,7459.4,7459.4,7459.3,7459.3
2019-10-24T09:39:00.000Z,7459.4,7459.6,7459.4,7459.5
2019-10-24T09:40:00.000Z,7459.6,7459.9,7458.5,7458.5
2019-10-24T09:41:00.000Z,7458.5,7458.5,7455,7458
2019-10-24T09:42:00.000Z,7457.9,7457.9,7455,7455
2019-10-24T09:43:00.000Z,7455,7455.1,7450.4,7450.4
2019-10-24T09:44:00.000Z,7450.4,7450.5,7450,7450
2019-10-24T09:45:00.000Z,7449.2,7449.2,7448.5,7449
2019-10-24T09:46:00.000Z,7449,7450.5,7449,7450.5
2019-10-24T09:47:00.000Z,7450.4,7450.8,7447.8,7447.8
2019-10-24T09:48:00.000Z,7445.9,7449.2,7445.9,7449.2
2019-10-24T09:49:00.000Z,7449.1,7452.7,7447.7,7447.7
2019-10-24T09:50:00.000Z,7447.7,7447.7,7445,7445.5
2019-10-24T09:51:00.000Z,7445.5,7446.9,7445.5,7445.9
2019-10-24T09:52:00.000Z,7445.5,7445.6,7445.5,7445.6
2019-10-24T09:53:00.000Z,7445.5,7445.6,7445,7445
2019-10-24T09:54:00.000Z,7445.1,7445.1,7445,7445
2019-10-24T09:55:00.000Z,7445,7446.4,7445,7446.4
2019-10-24T09:56:00.000Z,7447.4,7453.1,7447.4,7449.8
2019-10-24T09:57:00.000Z,7449.8,7449.8,7448.8,7448.9
2019-10-24T09:58:00.000Z,7448.8,7448.8,7443,7443
2019-10-24T09:59:00.000Z,7443.1,7443.1,7440.3,7440.4
2019-10-24T10:00:00.000Z,7440.4,7444.2,7440.3,7443.3
2019-10-24T10:01:00.000Z,7442.6,7442.6,7440,7440
2019-10-24T10:02:00.000Z,7440,7440,7431.5,7431.5
2019-10-24T10:03:00.000Z,7431.5,7437.4,7431.5,7437.2
2019-10-24T10:04:00.000Z,7437.3,7437.3,7434.5,7435.2
2019-10-24T10:05:00.000Z,7435.2,7436.3,7435.2,7435.3
2019-10-24T10:06:00.000Z,7434.5,7436.2,7433.7,7436.2
2019-10-24T10:07:00.000Z,7436.1,7436.1,7435.3,7435.5
2019-10-24T10:08:00.000Z,7434.3,7436.8,7434.3,7436.7
2019-10-24T10:09:00.000Z,7436.7,7437.3,7436.7,7437.3
2019-10-24T10:10:00.000Z,7437.2,7437.3,7437.2,7437.2
2019-10-24T10:11:00.000Z,7437.2,7445,7434.9,7444.6
2019-10-24T10:12:00.000Z,7444.7,7445.1,7443.1,7445.1
2019-10-24T10:13:00.000Z,7445,7445.1,7437.2,7443
2019-10-24T10:14:00.000Z,7442.9,7443,7435.2,7442.5
2019-10-24T10:15:00.000Z,7442.4,7446.7,7438.5,7444
2019-10-24T10:16:00.000Z,7443.1,7443.1,7430.1,7432.4
2019-10-24T10:17:00.000Z,7432.4,7433.7,7430.2,7433.6
2019-10-24T10:18:00.000Z,7433.6,7433.6,7425.8,7431.5
2019-10-24T10:19:00.000Z,7431.5,7431.6,7426.7,7426.7
2019-10-24T10:20:00.000Z,7425.8,7436.2,7425.7,7434.6
2019-10-24T10:21:00.000Z,7434.5,7436,7428.4,7436
2019-10-24T10:22:00.000Z,7435.9,7435.9,7430.9,7432.3
2019-10-24T10:23:00.000Z,7433,7434.7,7431.8,7431.8
2019-10-24T10:24:00.000Z,7431.9,7437,7431.8,7436.5
2019-10-24T10:25:00.000Z,7436.5,7436.5,7433.7,7433.7
2019-10-24T10:26:00.000Z,7433.8,7434.3,7433.8,7433.8
2019-10-24T10:27:00.000Z,7433.9,7438.9,7433.9,7438.8
2019-10-24T10:28:00.000Z,7438.9,7438.9,7436.5,7436.5
2019-10-24T10:29:00.000Z,7435.5,7438.9,7435.4,7438.9
2019-10-24T10:30:00.000Z,7440.7,7445.3,7440.7,7445.2
2019-10-24T10:31:00.000Z,7445.2,7445.2,7438.9,7441.3
2019-10-24T10:32:00.000Z,7441.2,7441.2,7439.9,7440.3
2019-10-24T10:33:00.000Z,7440.2,7440.2,7436.3,7438.8
2019-10-24T10:34:00.000Z,7438.7,7438.8,7437.6,7438.3
2019-10-24T10:35:00.000Z,7438.3,7438.4,7438,7438
2019-10-24T10:36:00.000Z,7438.1,7439,7438.1,7439
2019-10-24T10:37:00.000Z,7439.8,7445.6,7439.8,7444.3
2019-10-24T10:38:00.000Z,7444.3,7444.3,7441.9,7442.7
2019-10-24T10:39:00.000Z,7442.6,7443.7,7442.6,7443.7
2019-10-24T10:40:00.000Z,7443.6,7446,7443.6,7446
2019-10-24T10:41:00.000Z,7446,7450,7446,7449.9
2019-10-24T10:42:00.000Z,7450,7450.8,7450,7450.8
2019-10-24T10:43:00.000Z,7450.8,7450.8,7450.7,7450.8
2019-10-24T10:44:00.000Z,7450.8,7453.6,7450.8,7453.1
2019-10-24T10:45:00.000Z,7453.2,7454.3,7452.1,7454.3
2019-10-24T10:46:00.000Z,7454.2,7458,7454.2,7458
2019-10-24T10:47:00.000Z,7458,7458.1,7455.2,7456.2
2019-10-24T10:48:00.000Z,7456.2,7456.2,7450,7452.1
2019-10-24T10:49:00.000Z,7452.1,7452.9,7450,7452.9
2019-10-24T10:50:00.000Z,7452.9,7453.4,7452.9,7453.4
2019-10-24T10:51:00.000Z,7453.4,7453.5,7453.4,7453.5
2019-10-24T10:52:00.000Z,7453.4,7453.5,7453.4,7453.5
2019-10-24T10:53:00.000Z,7453.5,7453.5,7453.5,7453.5
2019-10-24T10:54:00.000Z,7453.5,7453.5,7453.5,7453.5
2019-10-24T10:55:00.000Z,7453.5,7454.2,7450.7,7450.7
2019-10-24T10:56:00.000Z,7450.7,7450.7,7438.7,7438.7
2019-10-24T10:57:00.000Z,7438.2,7438.2,7432,7432.2
2019-10-24T10:58:00.000Z,7432.2,7441,7432,7432
2019-10-24T10:59:00.000Z,7433.2,7438.1,7430.4,7437.4
2019-10-24T11:00:00.000Z,7437.5,7437.5,7435.1,7435.2
2019-10-24T11:01:00.000Z,7435.2,7439.5,7435.2,7436.5
2019-10-24T11:02:00.000Z,7434.9,7434.9,7432.5,7432.6
2019-10-24T11:03:00.000Z,7432.6,7432.6,7430,7430.6
2019-10-24T11:04:00.000Z,7430.6,7433.3,7430,7430.1
2019-10-24T11:05:00.000Z,7430,7430,7428.2,7428.2
2019-10-24T11:06:00.000Z,7428.7,7428.7,7423.7,7423.7
2019-10-24T11:07:00.000Z,7423.7,7428.2,7422.6,7422.7
2019-10-24T11:08:00.000Z,7422.7,7425,7422.7,7425
2019-10-24T11:09:00.000Z,7425,7432.2,7424.9,7431.2
2019-10-24T11:10:00.000Z,7431.3,7432.9,7431.2,7432.9
2019-10-24T11:11:00.000Z,7432.9,7440.2,7432.9,7436.4
2019-10-24T11:12:00.000Z,7436.4,7436.4,7431.6,7431.6
2019-10-24T11:13:00.000Z,7431.6,7433.3,7430.4,7431.2
2019-10-24T11:14:00.000Z,7431.3,7433.6,7430.6,7433.6
2019-10-24T11:15:00.000Z,7433.7,7433.7,7427,7427
2019-10-24T11:16:00.000Z,7426.9,7427,7423.1,7423.5
2019-10-24T11:17:00.000Z,7423.5,7436,7423.5,7429.4
2019-10-24T11:18:00.000Z,7429.3,7429.4,7424,7424
2019-10-24T11:19:00.000Z,7424,7426.3,7420,7425.2
2019-10-24T11:20:00.000Z,7425.2,7425.3,7420,7420.2
2019-10-24T11:21:00.000Z,7420.2,7420.3,7420,7420.3
2019-10-24T11:22:00.000Z,7420.3,7420.9,7417.6,7417.9
2019-10-24T11:23:00.000Z,7417.9,7425.2,7417.9,7423.4
2019-10-24T11:24:00.000Z,7424.5,7428.2,7421,7421
2019-10-24T11:25:00.000Z,7420.7,7424.4,7419.3,7421.4
2019-10-24T11:26:00.000Z,7420,7421.8,7420,7420.3
2019-10-24T11:27:00.000Z,7420.3,7420.8,7420.3,7420.8
2019-10-24T11:28:00.000Z,7421.3,7421.3,7416.5,7416.5
2019-10-24T11:29:00.000Z,7416.5,7417.4,7415.4,7415.4
2019-10-24T11:30:00.000Z,7415.3,7415.8,7414.5,7415.7
2019-10-24T11:31:00.000Z,7415.8,7419.3,7415.8,7417.2
2019-10-24T11:32:00.000Z,7417.2,7417.2,7417.1,7417.1
2019-10-24T11:33:00.000Z,7417.1,7417.2,7417,7417.2
2019-10-24T11:34:00.000Z,7417.1,7418.9,7417.1,7418.9
2019-10-24T11:35:00.000Z,7418.9,7421.3,7418.9,7420
2019-10-24T11:36:00.000Z,7420,7420,7417.8,7418.6
2019-10-24T11:37:00.000Z,7418.5,7426,7418.5,7425
2019-10-24T11:38:00.000Z,7425,7425.2,7422.3,7425.2
2019-10-24T11:39:00.000Z,7425.2,7427.2,7425,7427.2
2019-10-24T11:40:00.000Z,7428.4,7428.4,7423.9,7425
2019-10-24T11:41:00.000Z,7425.9,7427.7,7422.3,7427.7
2019-10-24T11:42:00.000Z,7429.9,7429.9,7424.6,7424.7
2019-10-24T11:43:00.000Z,7424.7,7426.9,7424.6,7425.4
2019-10-24T11:44:00.000Z,7425.3,7425.3,7424.6,7425.2
2019-10-24T11:45:00.000Z,7425.2,7425.2,7424.6,7424.7
2019-10-24T11:46:00.000Z,7424.7,7424.7,7424.7,7424.7
2019-10-24T11:47:00.000Z,7424.7,7424.7,7424.6,7424.6
2019-10-24T11:48:00.000Z,7424.6,7424.6,7424.6,7424.6
2019-10-24T11:49:00.000Z,7424.6,7424.6,7423.9,7423.9
2019-10-24T11:50:00.000Z,7423.4,7423.4,7416.7,7416.9
2019-10-24T11:51:00.000Z,7416.9,7426.5,7416.9,7423.7
2019-10-24T11:52:00.000Z,7421.6,7421.6,7420.4,7420.4
2019-10-24T11:53:00.000Z,7419.9,7422.6,7419.9,7421.3
2019-10-24T11:54:00.000Z,7420,7420,7419.1,7419.1
2019-10-24T11:55:00.000Z,7419.2,7424.8,7419.2,7424.8
2019-10-24T11:56:00.000Z,7424.8,7424.9,7424.2,7424.9
2019-10-24T11:57:00.000Z,7425.7,7431,7425.7,7428
2019-10-24T11:58:00.000Z,7432.2,7432.2,7426.9,7428.7
2019-10-24T11:59:00.000Z,7428.9,7428.9,7421.2,7421.2
2019-10-24T12:00:00.000Z,7421.3,7424.8,7421.2,7421.5
2019-10-24T12:01:00.000Z,7421.5,7424.5,7421.5,7424.5
2019-10-24T12:02:00.000Z,7424.5,7425.1,7422.8,7422.8
2019-10-24T12:03:00.000Z,7422.7,7426.7,7422.7,7426.7
2019-10-24T12:04:00.000Z,7426.7,7426.7,7424.9,7425
2019-10-24T12:05:00.000Z,7424.9,7425,7424,7424
2019-10-24T12:06:00.000Z,7424,7426.3,7423.2,7425.6
2019-10-24T12:07:00.000Z,7425.7,7431.5,7425.7,7430
2019-10-24T12:08:00.000Z,7430.1,7437.8,7430.1,7431.4
2019-10-24T12:09:00.000Z,7430.8,7437.5,7430.3,7435
2019-10-24T12:10:00.000Z,7436.3,7436.9,7435.2,7435.2
2019-10-24T12:11:00.000Z,7435.1,7436.9,7435.1,7435.9
2019-10-24T12:12:00.000Z,7435.9,7438.6,7435.9,7436.5
2019-10-24T12:13:00.000Z,7436.5,7440.2,7436.5,7440.2
2019-10-24T12:14:00.000Z,7440.2,7444.3,7440.2,7444.1
2019-10-24T12:15:00.000Z,7442.8,7448.6,7442.8,7444.8
2019-10-24T12:16:00.000Z,7444.7,7444.8,7439.5,7444.2
2019-10-24T12:17:00.000Z,7444,7444.1,7438,7438
2019-10-24T12:18:00.000Z,7438.1,7438.1,7435.6,7436.1
2019-10-24T12:19:00.000Z,7436,7437,7435.4,7436
2019-10-24T12:20:00.000Z,7436.1,7443.7,7436.1,7439.4
2019-10-24T12:21:00.000Z,7439.3,7442,7437.5,7441.8
2019-10-24T12:22:00.000Z,7441.1,7445,7441.1,7443.8
2019-10-24T12:23:00.000Z,7442.7,7445.3,7442.2,7445.3
2019-10-24T12:24:00.000Z,7445.2,7446.7,7442.9,7446.7
2019-10-24T12:25:00.000Z,7446.7,7446.7,7442.3,7442.3
2019-10-24T12:26:00.000Z,7442.1,7442.1,7436.8,7436.8
2019-10-24T12:27:00.000Z,7436.8,7443.2,7436.8,7442.7
2019-10-24T12:28:00.000Z,7443.2,7443.2,7440.8,7440.8
2019-10-24T12:29:00.000Z,7441,7441,7440.9,7441
2019-10-24T12:30:00.000Z,7441,7444.1,7440.9,7444.1
2019-10-24T12:31:00.000Z,7444,7444,7441.5,7441.5
2019-10-24T12:32:00.000Z,7441.6,7443.9,7441.6,7442.8
2019-10-24T12:33:00.000Z,7442.9,7442.9,7440.3,7442.4
2019-10-24T12:34:00.000Z,7443.8,7449.4,7443.8,7448.5
2019-10-24T12:35:00.000Z,7447.3,7448.4,7447.2,7447.3
2019-10-24T12:36:00.000Z,7447.2,7448.3,7446.3,7448.3
2019-10-24T12:37:00.000Z,7448.3,7448.3,7445.3,7447.6
2019-10-24T12:38:00.000Z,7447.6,7447.7,7447.4,7447.4
2019-10-24T12:39:00.000Z,7447.4,7447.5,7447.4,7447.4
2019-10-24T12:40:00.000Z,7447.5,7447.9,7444.9,7445.5
2019-10-24T12:41:00.000Z,7447.8,7453.2,7447.8,7453.2
2019-10-24T12:42:00.000Z,7453.8,7457.3,7453.8,7457.3
2019-10-24T12:43:00.000Z,7458.7,7460,7452.9,7455.3
2019-10-24T12:44:00.000Z,7455.2,7455.2,7450.9,7454
2019-10-24T12:45:00.000Z,7453.9,7454,7450,7454
2019-10-24T12:46:00.000Z,7453.9,7454,7449,7450.9
2019-10-24T12:47:00.000Z,7452.3,7452.3,7450.6,7451.9
2019-10-24T12:48:00.000Z,7451.9,7454.5,7451.9,7453.1
2019-10-24T12:49:00.000Z,7452.6,7452.6,7452.5,7452.6
2019-10-24T12:50:00.000Z,7452.6,7453,7451.8,7453
2019-10-24T12:51:00.000Z,7452.9,7452.9,7447.4,7448
2019-10-24T12:52:00.000Z,7447.2,7447.4,7442,7443.5
2019-10-24T12:53:00.000Z,7443.5,7444.2,7442.4,7444.1
2019-10-24T12:54:00.000Z,7444.1,7444.1,7440.8,7441.5
2019-10-24T12:55:00.000Z,7441.6,7442.1,7441.5,7442.1
2019-10-24T12:56:00.000Z,7442.1,7442.3,7441.6,7441.7
2019-10-24T12:57:00.000Z,7441.8,7445.3,7441.8,7445.3
2019-10-24T12:58:00.000Z,7445.3,7445.3,7442.5,7443.3
2019-10-24T12:59:00.000Z,7443.2,7443.2,7442.6,7442.6
2019-10-24T13:00:00.000Z,7442.6,7445,7442.5,7444.1
2019-10-24T13:01:00.000Z,7444,7444,7443.7,7443.7
2019-10-24T13:02:00.000Z,7443.7,7450,7443.6,7449.6
2019-10-24T13:03:00.000Z,7448.9,7448.9,7447.3,7448.5
2019-10-24T13:04:00.000Z,7448.5,7453.3,7448.5,7453.3
2019-10-24T13:05:00.000Z,7454.4,7454.4,7450.4,7450.4
2019-10-24T13:06:00.000Z,7450.4,7454.6,7450.4,7454.6
2019-10-24T13:07:00.000Z,7454.6,7454.6,7449.1,7449.1
2019-10-24T13:08:00.000Z,7449.1,7449.2,7445.1,7445.2
2019-10-24T13:09:00.000Z,7447.6,7447.6,7445,7446.6
2019-10-24T13:10:00.000Z,7446.6,7447.2,7445.2,7447
2019-10-24T13:11:00.000Z,7447.1,7447.1,7447,7447
2019-10-24T13:12:00.000Z,7447,7450.4,7447,7448.3
2019-10-24T13:13:00.000Z,7447,7447.1,7445.6,7445.6
2019-10-24T13:14:00.000Z,7445.6,7445.6,7443.9,7443.9
2019-10-24T13:15:00.000Z,7443.9,7444,7440.5,7440.5
2019-10-24T13:16:00.000Z,7439.7,7439.8,7437.2,7437.6
2019-10-24T13:17:00.000Z,7437.7,7437.7,7435.7,7435.7
2019-10-24T13:18:00.000Z,7435.7,7435.7,7435.6,7435.7
2019-10-24T13:19:00.000Z,7435.7,7442.8,7435.7,7438.4
2019-10-24T13:20:00.000Z,7437.8,7440.5,7436.5,7440.5
2019-10-24T13:21:00.000Z,7440.5,7440.5,7438.8,7440.2
2019-10-24T13:22:00.000Z,7441,7442.9,7439.7,7440.3
2019-10-24T13:23:00.000Z,7440.2,7442.1,7440.2,7441.4
2019-10-24T13:24:00.000Z,7440.6,7440.6,7439,7439
2019-10-24T13:25:00.000Z,7439.2,7439.2,7438.7,7439.1
2019-10-24T13:26:00.000Z,7439.2,7440.5,7438.5,7438.5
2019-10-24T13:27:00.000Z,7438.5,7438.6,7436.8,7436.9
2019-10-24T13:28:00.000Z,7436.8,7436.9,7436.7,7436.7
2019-10-24T13:29:00.000Z,7436.8,7436.8,7436.5,7436.5
2019-10-24T13:30:00.000Z,7436.5,7436.6,7435.1,7435.6
2019-10-24T13:31:00.000Z,7435.6,7441.1,7435.3,7440.2
2019-10-24T13:32:00.000Z,7440.2,7440.2,7434.7,7434.7
2019-10-24T13:33:00.000Z,7434.5,7434.5,7434.4,7434.5
2019-10-24T13:34:00.000Z,7434.4,7436,7434,7436
2019-10-24T13:35:00.000Z,7436,7436,7434.4,7434.4
2019-10-24T13:36:00.000Z,7434.4,7435,7434.4,7435
2019-10-24T13:37:00.000Z,7435,7435,7434.2,7434.9
2019-10-24T13:38:00.000Z,7435,7435,7434.9,7435
2019-10-24T13:39:00.000Z,7435,7445.1,7434.9,7442.5
2019-10-24T13:40:00.000Z,7442.6,7451.2,7442.6,7445.3
2019-10-24T13:41:00.000Z,7445.3,7448.5,7445.2,7447.6
2019-10-24T13:42:00.000Z,7447.6,7454.9,7447.6,7454.6
2019-10-24T13:43:00.000Z,7454.6,7454.7,7452.2,7453.1
2019-10-24T13:44:00.000Z,7453.1,7453.9,7452.4,7453.9
2019-10-24T13:45:00.000Z,7453.9,7453.9,7453.8,7453.9