timedate,close,high,low,open,volume
2019-08-14 02:00:00+00:00,10654.7,10703.9,10539.1,10617.6,3541.34355606
2019-08-14 04:00:00+00:00,10622.5,10661.0,10552.3,10654.8,1633.4531828
2019-08-14 06:00:00+00:00,10619.8,10668.4,10585.0,10622.4,1668.54358666
2019-08-14 08:00:00+00:00,10514.7,10628.3,10410.0,10619.7,5759.07250555
2019-08-14 10:00:00+00:00,10558.7,10597.7,10475.3,10514.7,2520.21896864
2019-08-14 12:00:00+00:00,10592.6,10691.8,10555.3,10558.3,3377.34101187
2019-08-14 14:00:00+00:00,10515.7,10594.1,10459.4,10592.6,2823.03161414
2019-08-14 16:00:00+00:00,10232.8,10630.0,10069.5,10516.5,13522.4467836
2019-08-14 18:00:00+00:00,10135.8,10271.2,10128.2,10232.8,2963.63231916
2019-08-14 20:00:00+00:00,10210.2,10276.7,10113.4,10134.2,1921.74849923
2019-08-14 22:00:00+00:00,10053.5,10267.7,9936.5,10210.3,6243.70241669
2019-08-15 00:00:00+00:00,10087.8,10231.7,10030.1,10053.5,5207.56154537
2019-08-15 02:00:00+00:00,9862.7,10090.6,9818.3,10087.6,5443.42152719
2019-08-15 04:00:00+00:00,9728.5,9904.1,9660.0,9862.2,8324.65549404
2019-08-15 06:00:00+00:00,9879.7,9926.3,9517.3,9727.2,10196.84397234
2019-08-15 08:00:00+00:00,9970.5,10000.0,9802.0,9879.7,6725.93165577
2019-08-15 10:00:00+00:00,10155.2,10203.0,9956.1,9970.5,8597.35541256
2019-08-15 12:00:00+00:00,10009.4,10165.8,9905.5,10155.4,5505.98740985
2019-08-15 14:00:00+00:00,10091.4,10113.3,9952.7,10009.4,3502.67894096
2019-08-15 16:00:00+00:00,10024.6,10162.2,9980.8,10091.4,3432.73417987
2019-08-15 18:00:00+00:00,10109.3,10142.4,10018.1,10024.5,1893.51611178
2019-08-15 20:00:00+00:00,10334.6,10410.0,10088.5,10109.3,6061.15480569
2019-08-15 22:00:00+00:00,10292.3,10449.5,10243.6,10334.7,3546.34334375
2019-08-16 00:00:00+00:00,10352.0,10397.9,10245.1,10292.3,1810.27319202
2019-08-16 02:00:00+00:00,10323.9,10420.0,10269.4,10352.6,1911.94144804
2019-08-16 04:00:00+00:00,9902.7,10338.2,9768.0,10324.0,9529.70413414
2019-08-16 06:00:00+00:00,9937.1,10039.2,9853.5,9905.6,5542.26783502
2019-08-16 08:00:00+00:00,10094.0,10145.0,9875.1,9934.5,4717.42499003
2019-08-16 10:00:00+00:00,10144.8,10221.9,9804.0,10094.0,6894.85154749
2019-08-16 12:00:00+00:00,10111.1,10210.0,10056.6,10145.2,3771.3207409999995
2019-08-16 14:00:00+00:00,10389.0,10461.7,10040.6,10111.6,6014.00259072
2019-08-16 16:00:00+00:00,10397.7,10533.7,10306.2,10389.1,4702.64784165
2019-08-16 18:00:00+00:00,10449.4,10486.9,10389.3,10397.7,2084.23545741
2019-08-16 20:00:00+00:00,10425.0,10515.5,10354.4,10449.4,1383.26713417
2019-08-16 22:00:00+00:00,10326.0,10479.9,10262.4,10425.0,3788.33287355
2019-08-17 00:00:00+00:00,10380.2,10384.3,10205.0,10327.8,3302.86896512
2019-08-17 02:00:00+00:00,10289.9,10416.5,10281.3,10379.5,1890.64259897
2019-08-17 04:00:00+00:00,10376.0,10393.5,10253.2,10288.9,1333.61909367
2019-08-17 06:00:00+00:00,10356.3,10398.7,10320.0,10375.4,1334.35704886
2019-08-17 08:00:00+00:00,10440.1,10466.0,10318.6,10357.9,2653.96863102
2019-08-17 10:00:00+00:00,10333.0,10447.8,10320.7,10440.5,1884.94773043
2019-08-17 12:00:00+00:00,10358.8,10369.5,10282.1,10330.9,1842.42656157
2019-08-17 14:00:00+00:00,10312.1,10358.7,10250.0,10358.7,1689.06709769
2019-08-17 16:00:00+00:00,10078.0,10359.7,10041.1,10312.1,4036.27283141
2019-08-17 18:00:00+00:00,10170.1,10241.2,9993.3,10080.7,2785.1775799
2019-08-17 20:00:00+00:00,10143.3,10239.0,10049.9,10170.1,1650.85421892
2019-08-17 22:00:00+00:00,10217.6,10256.4,10124.2,10144.1,1544.44011794
2019-08-18 00:00:00+00:00,10181.4,10273.4,10155.4,10217.4,1096.87273776
2019-08-18 02:00:00+00:00,10112.2,10206.7,10102.6,10181.4,1529.26956097
2019-08-18 04:00:00+00:00,10142.0,10156.0,10074.4,10112.1,1208.0647517999998
2019-08-18 06:00:00+00:00,10140.0,10209.9,10115.4,10141.9,1147.93683742
2019-08-18 08:00:00+00:00,10194.5,10237.3,10094.0,10140.1,2123.31582137
2019-08-18 10:00:00+00:00,10397.9,10442.8,10169.5,10194.6,4163.80451306
2019-08-18 12:00:00+00:00,10430.5,10499.6,10360.0,10398.0,2414.07482353
2019-08-18 14:00:00+00:00,10390.5,10507.8,10368.1,10431.6,1747.59015288
2019-08-18 16:00:00+00:00,10381.3,10469.0,10344.3,10390.5,1639.81122801
2019-08-18 18:00:00+00:00,10371.2,10413.8,10338.6,10381.4,846.93630304
2019-08-18 20:00:00+00:00,10412.9,10417.6,10313.7,10371.3,815.80018862
2019-08-18 22:00:00+00:00,10306.8,10434.0,10288.7,10413.8,1851.17397239
2019-08-19 00:00:00+00:00,10334.9,10364.2,10258.0,10306.8,1070.68571721
2019-08-19 02:00:00+00:00,10403.9,10438.4,10335.0,10335.0,1444.95263608
2019-08-19 04:00:00+00:00,10361.6,10420.9,10347.4,10403.9,843.11925143
2019-08-19 06:00:00+00:00,10724.6,10735.7,10348.0,10361.7,8944.32632338
2019-08-19 08:00:00+00:00,10655.0,10747.0,10642.6,10724.3,2164.78509441
2019-08-19 10:00:00+00:00,10674.8,10779.9,10641.4,10654.0,2133.96640641
2019-08-19 12:00:00+00:00,10708.9,10717.3,10612.1,10674.5,2775.5486432
2019-08-19 14:00:00+00:00,10708.7,10748.4,10663.3,10708.9,2035.12535763
2019-08-19 16:00:00+00:00,10708.1,10745.3,10639.9,10708.4,1898.49516036
2019-08-19 18:00:00+00:00,10686.2,10823.0,10655.1,10707.9,2610.30485934
2019-08-19 20:00:00+00:00,10708.1,10728.2,10628.6,10684.3,792.975413
2019-08-19 22:00:00+00:00,10913.3,10928.3,10707.4,10707.4,2602.51661134
2019-08-20 00:00:00+00:00,10883.4,10950.0,10850.0,10913.6,2027.75491542
2019-08-20 02:00:00+00:00,10786.6,10888.1,10772.7,10883.5,2121.70073085
2019-08-20 04:00:00+00:00,10764.0,10827.2,10761.0,10786.6,1512.27257366
2019-08-20 06:00:00+00:00,10809.5,10826.5,10721.9,10764.0,2242.26074984
2019-08-20 08:00:00+00:00,10701.1,10812.0,10558.9,10809.7,4539.95592042
2019-08-20 10:00:00+00:00,10705.8,10713.4,10622.6,10701.2,1652.23346116
2019-08-20 12:00:00+00:00,10651.7,10712.0,10635.1,10705.8,1149.80843151
2019-08-20 14:00:00+00:00,10741.3,10751.0,10570.0,10651.7,2708.68733192
2019-08-20 16:00:00+00:00,10761.6,10798.5,10716.5,10741.4,1251.54565377
2019-08-20 18:00:00+00:00,10734.7,10766.1,10717.4,10761.7,654.57723206
2019-08-20 20:00:00+00:00,10797.5,10832.9,10657.5,10734.4,1331.06711156
2019-08-20 22:00:00+00:00,10760.0,10840.0,10724.4,10798.6,1180.78144558
2019-08-21 00:00:00+00:00,10684.1,10800.2,10638.6,10759.9,2464.64611509
2019-08-21 02:00:00+00:00,10318.5,10702.4,10230.9,10684.2,7183.44528861
2019-08-21 04:00:00+00:00,10248.7,10327.9,10165.1,10318.4,5710.21890226
2019-08-21 06:00:00+00:00,10136.9,10284.9,10109.0,10248.7,3120.68090151
2019-08-21 08:00:00+00:00,10214.4,10253.7,10136.7,10138.5,2161.08937455
2019-08-21 10:00:00+00:00,10178.7,10214.9,10070.0,10214.9,2694.12000499
2019-08-21 12:00:00+00:00,9961.7,10184.3,9925.2,10179.0,5547.05583521
2019-08-21 14:00:00+00:00,9986.6,10088.0,9960.0,9961.7,2704.08439828
2019-08-21 16:00:00+00:00,10110.1,10152.2,9861.4,9987.6,5383.35129148
2019-08-21 18:00:00+00:00,10109.7,10145.4,10060.8,10110.6,1107.96413389
2019-08-21 20:00:00+00:00,10050.1,10188.0,10050.0,10108.6,1491.59411364
2019-08-21 22:00:00+00:00,10140.0,10144.3,9983.6,10050.2,1880.90620495
2019-08-22 00:00:00+00:00,9818.5,10161.8,9782.2,10140.0,4796.4851651
2019-08-22 02:00:00+00:00,9873.8,9949.9,9761.4,9816.5,4281.96853592
2019-08-22 04:00:00+00:00,9971.9,10029.2,9862.0,9873.1,2365.67131369
2019-08-22 06:00:00+00:00,9974.0,10049.6,9883.9,9971.9,3056.5807229
2019-08-22 08:00:00+00:00,9985.9,9989.3,9897.2,9971.6,2203.98280438
2019-08-22 10:00:00+00:00,9970.1,10068.0,9882.1,9985.7,3081.29669674
2019-08-22 12:00:00+00:00,10117.2,10142.8,9949.1,9967.4,3098.85933732
2019-08-22 14:00:00+00:00,10112.4,10187.6,10050.3,10117.2,1967.17082513
2019-08-22 16:00:00+00:00,10151.8,10184.2,10060.5,10111.4,1681.51014007
2019-08-22 18:00:00+00:00,10163.9,10256.0,10148.2,10151.8,1783.47441226
2019-08-22 20:00:00+00:00,10132.8,10207.2,10095.9,10163.7,760.81306718
2019-08-22 22:00:00+00:00,10097.2,10187.5,10092.0,10132.8,852.11410437
2019-08-23 00:00:00+00:00,10084.6,10134.2,10020.0,10097.2,1704.5223972
2019-08-23 02:00:00+00:00,10136.1,10156.7,10053.1,10084.5,1077.56500151
2019-08-23 04:00:00+00:00,10137.1,10195.9,10112.0,10136.1,1108.67620876
2019-08-23 06:00:00+00:00,10208.7,10228.4,10095.3,10136.7,3391.868081
2019-08-23 08:00:00+00:00,10116.1,10208.7,10108.6,10208.7,1444.33668442
2019-08-23 10:00:00+00:00,10116.3,10142.6,10070.0,10116.1,1451.37549862
2019-08-23 12:00:00+00:00,10349.8,10423.5,10097.1,10115.6,5829.24566451
2019-08-23 14:00:00+00:00,10398.9,10448.1,10349.7,10349.8,2925.16961911
2019-08-23 16:00:00+00:00,10390.4,10420.5,10374.5,10398.9,1149.07028357
2019-08-23 18:00:00+00:00,10399.8,10446.1,10365.3,10390.4,895.4939747000001
2019-08-23 20:00:00+00:00,10393.3,10431.2,10280.0,10400.9,2362.9459461
2019-08-23 22:00:00+00:00,10383.9,10439.0,10342.4,10393.5,1255.60139917
2019-08-24 00:00:00+00:00,10369.8,10413.6,10354.7,10384.4,943.56497149
2019-08-24 02:00:00+00:00,10343.9,10370.0,10270.7,10370.0,1183.95999528
2019-08-24 04:00:00+00:00,10329.8,10363.0,10307.6,10343.9,1013.63848032
2019-08-24 06:00:00+00:00,10293.2,10340.8,10237.2,10329.8,1835.86022065
2019-08-24 08:00:00+00:00,9978.0,10293.2,9872.0,10293.2,8353.29142148
2019-08-24 10:00:00+00:00,10005.0,10032.0,9953.7,9979.8,2524.15148835
2019-08-24 12:00:00+00:00,9995.7,10017.2,9934.3,10005.1,1909.0838645999997
2019-08-24 14:00:00+00:00,9989.8,10007.6,9948.9,9997.3,930.2867892999999
2019-08-24 16:00:00+00:00,10039.2,10091.7,9946.4,9989.8,1680.05898008
2019-08-24 18:00:00+00:00,10100.7,10126.9,10037.5,10038.5,665.5703083
2019-08-24 20:00:00+00:00,10066.4,10158.0,10055.0,10100.8,679.40673593
2019-08-24 22:00:00+00:00,10134.9,10195.0,9970.1,10066.5,2393.88080805
2019-08-25 00:00:00+00:00,10085.5,10166.6,10022.9,10135.4,1180.34821474
2019-08-25 02:00:00+00:00,10118.1,10166.9,10060.3,10085.5,973.07830966
2019-08-25 04:00:00+00:00,10060.0,10134.7,10015.4,10118.1,973.46623322
2019-08-25 06:00:00+00:00,10101.6,10134.6,10021.7,10057.5,891.45438864
2019-08-25 08:00:00+00:00,10139.6,10139.7,10044.4,10101.7,1344.63840314
2019-08-25 10:00:00+00:00,10112.2,10161.2,10087.2,10139.5,1015.33773771
2019-08-25 12:00:00+00:00,10236.3,10339.8,10089.3,10113.0,3482.71132198
2019-08-25 14:00:00+00:00,10067.1,10236.5,9900.0,10236.4,5113.89839897
2019-08-25 16:00:00+00:00,10073.6,10140.9,10029.3,10067.2,1305.01499907
2019-08-25 18:00:00+00:00,10060.8,10138.3,9960.7,10073.0,1649.9229606
2019-08-25 20:00:00+00:00,9998.9,10092.0,9905.8,10061.1,2197.39110579
2019-08-25 22:00:00+00:00,10139.9,10162.6,9966.5,9998.9,1543.27619646
2019-08-26 00:00:00+00:00,10430.1,10630.0,10138.9,10140.4,18648.69351831
2019-08-26 02:00:00+00:00,10278.0,10469.4,10203.1,10430.2,5911.82541819
2019-08-26 04:00:00+00:00,10363.6,10371.7,10257.6,10278.1,3105.25586663
2019-08-26 06:00:00+00:00,10335.7,10413.7,10315.3,10363.5,1702.08215852
2019-08-26 08:00:00+00:00,10367.5,10394.8,10284.8,10335.7,1517.71202779
2019-08-26 10:00:00+00:00,10388.2,10432.4,10325.2,10367.5,1398.85277721
2019-08-26 12:00:00+00:00,10358.5,10408.4,10282.9,10388.2,1820.88599428
2019-08-26 14:00:00+00:00,10337.2,10379.6,10300.0,10358.5,1857.47039775
2019-08-26 16:00:00+00:00,10326.8,10399.6,10239.7,10337.2,2213.47166446
2019-08-26 18:00:00+00:00,10328.0,10340.0,10294.2,10327.0,1102.04966581
2019-08-26 20:00:00+00:00,10289.4,10332.7,10199.3,10327.3,2282.94038535
2019-08-26 22:00:00+00:00,10371.8,10409.0,10289.6,10289.6,1225.76092218
2019-08-27 00:00:00+00:00,10307.1,10391.0,10299.8,10371.9,1272.83916057
2019-08-27 02:00:00+00:00,10202.7,10318.7,10103.8,10307.1,3841.22318781
2019-08-27 04:00:00+00:00,10235.9,10251.7,10158.3,10202.8,1747.13256627
2019-08-27 06:00:00+00:00,10179.6,10236.4,10127.4,10235.9,1908.19420895
2019-08-27 08:00:00+00:00,10160.4,10214.1,10125.1,10179.6,1209.72504585
2019-08-27 10:00:00+00:00,10128.6,10182.2,10100.0,10160.5,1942.11302351
2019-08-27 12:00:00+00:00,10183.1,10210.0,10051.1,10128.5,3406.75464481
2019-08-27 14:00:00+00:00,10191.0,10205.4,10110.5,10183.1,1432.21297365
2019-08-27 16:00:00+00:00,10191.0,10243.1,10156.4,10190.2,1866.09932759
2019-08-27 18:00:00+00:00,10162.9,10220.6,10131.5,10190.8,923.26267318
2019-08-27 20:00:00+00:00,10146.6,10183.7,10120.0,10162.9,1011.59857751
2019-08-27 22:00:00+00:00,10185.3,10211.3,10120.0,10148.2,691.06133535
2019-08-28 00:00:00+00:00,10101.7,10186.3,10100.0,10185.2,865.50383781
2019-08-28 02:00:00+00:00,10093.1,10137.6,10076.6,10101.9,998.96580191
2019-08-28 04:00:00+00:00,10131.9,10166.0,10050.0,10093.2,1327.13212837
2019-08-28 06:00:00+00:00,10153.8,10216.0,10118.3,10131.6,2112.50541437
2019-08-28 08:00:00+00:00,10150.0,10162.1,10105.2,10153.8,869.3712745999999
2019-08-28 10:00:00+00:00,10148.9,10165.5,10113.0,10150.1,992.57890526
2019-08-28 12:00:00+00:00,10170.2,10333.0,10145.5,10148.9,3305.34578628
2019-08-28 14:00:00+00:00,10240.3,10266.0,10154.4,10170.3,1743.84577743
2019-08-28 16:00:00+00:00,10199.5,10275.1,10181.0,10239.0,1161.70303395
2019-08-28 18:00:00+00:00,9687.6,10199.5,9508.9,10199.5,17461.96462576
2019-08-28 20:00:00+00:00,9726.9,9744.2,9648.6,9687.6,2126.01549587
2019-08-28 22:00:00+00:00,9725.2,9759.7,9683.4,9727.0,2109.69945827
2019-08-29 00:00:00+00:00,9687.6,9725.3,9638.2,9725.2,2114.23727928
2019-08-29 02:00:00+00:00,9589.9,9705.6,9535.7,9688.1,3224.78498431
2019-08-29 04:00:00+00:00,9595.4,9632.4,9564.9,9589.9,1604.84789437
2019-08-29 06:00:00+00:00,9397.1,9595.3,9320.0,9595.3,6918.62695314
2019-08-29 08:00:00+00:00,9479.8,9493.0,9396.8,9397.1,3599.6081685000004
2019-08-29 10:00:00+00:00,9463.7,9493.3,9440.9,9479.1,1686.29813411
2019-08-29 12:00:00+00:00,9456.1,9495.1,9380.0,9463.7,2100.52227649
2019-08-29 14:00:00+00:00,9505.2,9586.0,9380.3,9456.1,3911.68164055
2019-08-29 16:00:00+00:00,9520.0,9546.4,9464.5,9505.2,2028.63066021
2019-08-29 18:00:00+00:00,9507.5,9563.0,9431.3,9520.0,1554.63418069
2019-08-29 20:00:00+00:00,9508.5,9536.3,9482.5,9507.5,709.71719309
2019-08-29 22:00:00+00:00,9496.3,9515.4,9451.4,9508.5,687.30808488
2019-08-30 00:00:00+00:00,9450.5,9539.8,9350.0,9497.3,2884.98326145
2019-08-30 02:00:00+00:00,9470.3,9485.5,9422.6,9451.0,1820.21639482
2019-08-30 04:00:00+00:00,9519.1,9520.1,9450.0,9469.6,2281.76147013
2019-08-30 06:00:00+00:00,9474.9,9551.7,9472.3,9517.2,1536.09176145
2019-08-30 08:00:00+00:00,9576.9,9589.7,9473.5,9474.9,3064.63700585
2019-08-30 10:00:00+00:00,9573.3,9630.4,9541.6,9576.9,1970.45343744
2019-08-30 12:00:00+00:00,9600.8,9619.7,9551.1,9572.0,1571.44471171
2019-08-30 14:00:00+00:00,9592.3,9608.7,9547.7,9600.8,1494.72415402
2019-08-30 16:00:00+00:00,9526.6,9603.0,9525.5,9592.4,1098.84619124
2019-08-30 18:00:00+00:00,9571.3,9600.0,9450.2,9525.5,1275.04563496
2019-08-30 20:00:00+00:00,9585.7,9693.0,9571.7,9571.7,1480.15396015
2019-08-30 22:00:00+00:00,9581.8,9628.9,9555.3,9585.3,640.00972391
2019-08-31 00:00:00+00:00,9624.1,9652.1,9567.3,9581.8,1146.28405052
2019-08-31 02:00:00+00:00,9612.4,9651.3,9603.2,9624.3,439.98885977
2019-08-31 04:00:00+00:00,9614.5,9624.1,9586.5,9612.4,453.69988805
2019-08-31 06:00:00+00:00,9590.2,9614.6,9581.1,9614.6,662.01667479
2019-08-31 08:00:00+00:00,9569.2,9590.2,9520.2,9590.2,1396.94195806
2019-08-31 10:00:00+00:00,9554.4,9586.8,9536.2,9569.3,795.14996146
2019-08-31 12:00:00+00:00,9592.2,9609.4,9548.7,9554.5,890.40907695
2019-08-31 14:00:00+00:00,9592.1,9594.8,9556.2,9592.2,634.90053813
2019-08-31 16:00:00+00:00,9594.0,9619.7,9566.9,9592.1,836.2899263999999
2019-08-31 18:00:00+00:00,9570.8,9600.6,9557.4,9594.0,343.44911587
2019-08-31 20:00:00+00:00,9654.7,9658.5,9430.0,9570.8,2468.39352475
2019-08-31 22:00:00+00:00,9588.7,9685.8,9587.7,9654.8,800.89493529
2019-09-01 00:00:00+00:00,9615.4,9638.6,9584.0,9588.8,685.33259036
2019-09-01 02:00:00+00:00,9621.0,9623.4,9600.0,9615.4,451.25625934
2019-09-01 04:00:00+00:00,9600.1,9630.0,9600.0,9620.2,334.83932821
2019-09-01 06:00:00+00:00,9607.3,9617.3,9596.2,9600.1,347.00918323
2019-09-01 08:00:00+00:00,9590.7,9608.2,9545.4,9607.3,1263.40934932
2019-09-01 10:00:00+00:00,9571.8,9593.4,9566.8,9590.8,448.09702967
2019-09-01 12:00:00+00:00,9566.0,9581.0,9548.6,9570.3,459.43268759
2019-09-01 14:00:00+00:00,9605.7,9661.3,9560.0,9566.0,1131.85752428
2019-09-01 16:00:00+00:00,9587.1,9626.0,9519.3,9605.8,1274.57212873
2019-09-01 18:00:00+00:00,9615.4,9630.0,9579.9,9587.0,619.5755757000001
2019-09-01 20:00:00+00:00,9679.9,9774.3,9598.4,9615.1,2422.30066161
2019-09-01 22:00:00+00:00,9733.5,9822.9,9680.0,9680.0,2533.45360817
2019-09-02 00:00:00+00:00,9736.8,9755.1,9717.4,9733.5,1565.01117334
2019-09-02 02:00:00+00:00,9740.4,9775.0,9729.6,9736.8,953.75273916
2019-09-02 04:00:00+00:00,9748.2,9773.7,9740.4,9740.5,545.99602099
2019-09-02 06:00:00+00:00,9745.8,9749.4,9731.1,9748.1,732.12543301
2019-09-02 08:00:00+00:00,9775.1,9791.9,9738.3,9745.8,1043.2422096
2019-09-02 10:00:00+00:00,9826.5,9847.2,9770.4,9775.1,1955.52292027
2019-09-02 12:00:00+00:00,9885.9,9915.0,9788.5,9825.8,2387.01837022
2019-09-02 14:00:00+00:00,9878.7,9950.0,9852.4,9886.7,2589.47663661
2019-09-02 16:00:00+00:00,10064.4,10110.1,9870.0,9878.7,5190.47762238
2019-09-02 18:00:00+00:00,10164.6,10182.1,10064.3,10064.3,2793.58928536
2019-09-02 20:00:00+00:00,10376.2,10450.0,10164.7,10164.7,8103.99867011
2019-09-02 22:00:00+00:00,10343.8,10441.5,10301.1,10376.2,5312.20369387
2019-09-03 00:00:00+00:00,10320.5,10400.0,10287.0,10343.9,3707.38966164
2019-09-03 02:00:00+00:00,10388.0,10476.0,10305.4,10320.5,4923.95367556
2019-09-03 04:00:00+00:00,10409.1,10427.3,10355.8,10388.0,1673.85706888
2019-09-03 06:00:00+00:00,10371.5,10409.1,10353.9,10409.1,1562.37287111
2019-09-03 08:00:00+00:00,10293.4,10393.8,10290.0,10370.2,1956.24060451
2019-09-03 10:00:00+00:00,10423.8,10475.4,10269.7,10293.5,3846.79592124
2019-09-03 12:00:00+00:00,10665.0,10747.8,10395.0,10423.7,7851.60658437
2019-09-03 14:00:00+00:00,10687.1,10780.0,10555.5,10665.0,6084.67708165
2019-09-03 16:00:00+00:00,10600.2,10712.2,10593.9,10687.2,2877.86166019
2019-09-03 18:00:00+00:00,10648.5,10675.4,10599.3,10600.1,929.53239383
2019-09-03 20:00:00+00:00,10686.7,10717.7,10645.3,10648.2,894.3584306
2019-09-03 22:00:00+00:00,10614.2,10704.4,10499.0,10686.7,4676.67393478
2019-09-04 00:00:00+00:00,10496.7,10623.7,10436.0,10614.3,3756.36756477
2019-09-04 02:00:00+00:00,10604.9,10632.0,10487.7,10496.7,2382.9657473
2019-09-04 04:00:00+00:00,10561.6,10635.8,10537.6,10605.7,1516.52439796
2019-09-04 06:00:00+00:00,10568.9,10615.0,10530.0,10561.6,1501.90176946
2019-09-04 08:00:00+00:00,10498.2,10576.5,10460.0,10568.9,2279.29556836
2019-09-04 10:00:00+00:00,10522.2,10574.7,10462.3,10498.2,1754.29550179
2019-09-04 12:00:00+00:00,10406.2,10533.5,10372.9,10523.4,3024.05630382
2019-09-04 14:00:00+00:00,10407.4,10454.9,10380.0,10406.1,1662.91463607
2019-09-04 16:00:00+00:00,10625.1,10654.8,10404.6,10407.5,3501.68178587
2019-09-04 18:00:00+00:00,10695.0,10709.3,10574.5,10627.2,2917.61483228
2019-09-04 20:00:00+00:00,10637.5,10806.5,10567.6,10695.1,4537.412307899999
2019-09-04 22:00:00+00:00,10562.3,10668.1,10488.0,10637.6,3752.86701535
2019-09-05 00:00:00+00:00,10529.4,10570.6,10490.0,10562.2,1679.98493419
2019-09-05 02:00:00+00:00,10550.0,10559.9,10495.3,10529.5,1484.23194913
2019-09-05 04:00:00+00:00,10599.1,10637.9,10537.7,10550.2,2161.94459326
2019-09-05 06:00:00+00:00,10540.1,10622.5,10512.8,10599.1,1608.73952475
2019-09-05 08:00:00+00:00,10559.2,10609.5,10501.3,10540.1,2402.2926495
2019-09-05 10:00:00+00:00,10563.2,10650.0,10450.0,10559.3,3844.92089072
2019-09-05 12:00:00+00:00,10589.3,10591.8,10511.3,10565.8,1319.68017196
2019-09-05 14:00:00+00:00,10543.4,10589.4,10515.5,10589.3,1744.4026465999998
2019-09-05 16:00:00+00:00,10493.2,10595.0,10465.6,10543.4,1828.27660964
2019-09-05 18:00:00+00:00,10531.3,10596.7,10469.3,10493.1,1690.79219144
2019-09-05 20:00:00+00:00,10545.7,10575.2,10493.5,10531.3,762.90776712
2019-09-05 22:00:00+00:00,10562.0,10604.7,10531.0,10545.7,881.01513955
2019-09-06 00:00:00+00:00,10578.9,10604.5,10552.2,10562.0,891.27472825
2019-09-06 02:00:00+00:00,10641.8,10700.0,10579.5,10579.5,3795.38217201
2019-09-06 04:00:00+00:00,10691.3,10779.8,10638.5,10641.8,3857.9833501999997
2019-09-06 06:00:00+00:00,10719.2,10732.9,10669.8,10691.4,2098.23992714
2019-09-06 08:00:00+00:00,10711.7,10769.4,10674.3,10719.3,2361.07600756
2019-09-06 10:00:00+00:00,10833.2,10885.0,10710.4,10711.7,4960.36659334
2019-09-06 12:00:00+00:00,10790.7,10904.6,10759.1,10831.3,3357.38054111
2019-09-06 14:00:00+00:00,10843.0,10877.7,10790.8,10790.8,1708.7564174000001
2019-09-06 16:00:00+00:00,10419.5,10852.6,10275.0,10843.0,8171.42280718
2019-09-06 18:00:00+00:00,10371.4,10440.0,10332.5,10419.4,3384.39635596
2019-09-06 20:00:00+00:00,10406.0,10414.7,10188.0,10371.3,4768.57789022
2019-09-06 22:00:00+00:00,10296.1,10406.1,10277.3,10406.1,2398.60968394
2019-09-07 00:00:00+00:00,10359.9,10379.6,10295.5,10296.8,1277.49369447
2019-09-07 02:00:00+00:00,10335.7,10375.3,10322.4,10358.7,950.86788058
2019-09-07 04:00:00+00:00,10359.8,10359.9,10310.0,10334.9,820.35521061
2019-09-07 06:00:00+00:00,10367.0,10393.8,10320.6,10359.8,1223.59851228
2019-09-07 08:00:00+00:00,10379.3,10413.1,10359.2,10367.0,1213.34554475
2019-09-07 10:00:00+00:00,10416.1,10417.4,10328.0,10379.3,1867.68919556
2019-09-07 12:00:00+00:00,10373.0,10430.3,10363.0,10416.1,1111.2144194
2019-09-07 14:00:00+00:00,10454.6,10469.0,10372.7,10372.9,1628.37371938
2019-09-07 16:00:00+00:00,10480.9,10560.0,10352.4,10454.7,4645.80994264
2019-09-07 18:00:00+00:00,10465.8,10509.1,10421.6,10481.0,933.67960292
2019-09-07 20:00:00+00:00,10499.2,10537.8,10450.1,10465.9,687.59959909
2019-09-07 22:00:00+00:00,10454.7,10510.8,10450.0,10500.3,838.17094072
2019-09-08 00:00:00+00:00,10483.1,10510.9,10454.8,10454.8,880.18501494
2019-09-08 02:00:00+00:00,10539.7,10557.2,10455.5,10483.2,1129.46255617
2019-09-08 04:00:00+00:00,10527.6,10582.0,10500.0,10539.7,1300.17885211
2019-09-08 06:00:00+00:00,10517.6,10559.3,10510.3,10527.7,573.8503127
2019-09-08 08:00:00+00:00,10490.2,10523.6,10461.8,10517.7,776.07318469
2019-09-08 10:00:00+00:00,10388.3,10525.0,10222.0,10489.2,3673.92529689
2019-09-08 12:00:00+00:00,10362.9,10410.4,10356.6,10388.3,1163.80365757
2019-09-08 14:00:00+00:00,10387.5,10418.1,10357.1,10363.0,1003.08443051
2019-09-08 16:00:00+00:00,10364.6,10426.2,10334.7,10387.6,1373.57747747
2019-09-08 18:00:00+00:00,10339.9,10380.4,10318.0,10362.8,857.83964081
2019-09-08 20:00:00+00:00,10407.9,10410.0,10325.2,10339.7,610.68469009
2019-09-08 22:00:00+00:00,10384.4,10416.0,10367.4,10408.1,717.73591645
2019-09-09 00:00:00+00:00,10376.2,10404.7,10369.2,10384.1,633.24971364
2019-09-09 02:00:00+00:00,10297.9,10383.1,10262.8,10376.1,2336.02568511
2019-09-09 04:00:00+00:00,10306.5,10329.4,10247.8,10297.9,1448.65264815
2019-09-09 06:00:00+00:00,10148.1,10306.5,10090.0,10306.5,4179.73988356
2019-09-09 08:00:00+00:00,10250.0,10271.0,10057.4,10147.1,3357.79599621
2019-09-09 10:00:00+00:00,10412.2,10517.1,10196.9,10249.1,4846.24706743
2019-09-09 12:00:00+00:00,10330.7,10415.0,10311.0,10413.9,2409.68329162
2019-09-09 14:00:00+00:00,10316.0,10367.4,10291.0,10326.9,1899.87354136
2019-09-09 16:00:00+00:00,10267.7,10334.1,10170.9,10316.8,3108.66729529
2019-09-09 18:00:00+00:00,10310.6,10324.4,10231.3,10267.7,776.01248034
2019-09-09 20:00:00+00:00,10280.1,10336.8,10208.9,10310.5,1369.01123329
2019-09-09 22:00:00+00:00,10302.5,10374.5,10282.1,10282.2,1036.57740834
2019-09-10 00:00:00+00:00,10330.5,10380.9,10297.5,10302.4,1362.95548468
2019-09-10 02:00:00+00:00,10304.3,10358.6,10261.8,10330.5,1389.46698519
2019-09-10 04:00:00+00:00,10261.2,10330.5,10241.2,10304.3,1211.44721003
2019-09-10 06:00:00+00:00,10273.0,10302.5,10219.9,10261.2,1663.0560702999999
2019-09-10 08:00:00+00:00,10252.4,10288.1,10194.2,10273.0,1477.08335688
2019-09-10 10:00:00+00:00,10251.3,10283.9,10219.4,10253.0,533.27233001
2019-09-10 12:00:00+00:00,10234.9,10268.1,10215.4,10251.2,554.61788472
2019-09-10 14:00:00+00:00,10176.9,10235.0,10163.1,10234.9,1372.78493337
2019-09-10 16:00:00+00:00,10211.3,10235.5,10171.2,10177.0,645.91911146
2019-09-10 18:00:00+00:00,10022.5,10214.6,9940.1,10211.2,5370.461217100001
2019-09-10 20:00:00+00:00,10108.0,10137.9,9991.3,10020.2,1533.21955078
2019-09-10 22:00:00+00:00,10100.7,10131.1,10042.9,10106.8,1047.55205092
2019-09-11 00:00:00+00:00,10068.4,10301.0,10068.4,10100.7,3819.38440029
2019-09-11 02:00:00+00:00,10092.0,10118.4,10050.5,10068.4,987.53304131
2019-09-11 04:00:00+00:00,10026.3,10098.7,9971.7,10092.0,1610.90669204
2019-09-11 06:00:00+00:00,10065.4,10078.7,9878.8,10026.3,3925.4280261999993
2019-09-11 08:00:00+00:00,10016.3,10071.7,9985.9,10065.5,764.60801275
2019-09-11 10:00:00+00:00,10064.2,10139.9,10016.4,10016.4,1672.11705117
2019-09-11 12:00:00+00:00,10034.8,10104.5,10007.6,10064.3,925.94073588
2019-09-11 14:00:00+00:00,9991.2,10061.7,9971.0,10033.4,1301.9103912
2019-09-11 16:00:00+00:00,10053.2,10130.0,9925.5,9991.2,1967.82287619
2019-09-11 18:00:00+00:00,10074.9,10122.0,10043.9,10053.1,713.53130706
2019-09-11 20:00:00+00:00,10159.0,10182.5,10062.6,10074.8,912.92460357
2019-09-11 22:00:00+00:00,10156.3,10172.2,10102.1,10159.1,929.4336038999999
2019-09-12 00:00:00+00:00,10123.5,10208.2,10123.5,10156.3,1239.64315879
2019-09-12 02:00:00+00:00,10111.0,10131.9,10085.2,10123.6,589.42894508
2019-09-12 04:00:00+00:00,10080.9,10125.0,10071.3,10111.1,506.28023265
2019-09-12 06:00:00+00:00,10074.5,10085.9,10038.0,10079.4,870.57363024
2019-09-12 08:00:00+00:00,10120.4,10173.3,10074.5,10074.5,1206.58621818
2019-09-12 10:00:00+00:00,10169.9,10192.3,10119.6,10120.5,760.95363026
2019-09-12 12:00:00+00:00,10335.1,10356.8,10169.8,10169.9,2959.50000843
2019-09-12 14:00:00+00:00,10324.6,10361.9,10272.2,10335.1,1641.97804618
2019-09-12 16:00:00+00:00,10291.9,10351.4,10237.6,10324.6,1002.84058148
2019-09-12 18:00:00+00:00,10304.1,10344.4,10274.1,10291.9,668.31995277
2019-09-12 20:00:00+00:00,10388.9,10399.8,10302.3,10304.8,843.18894866
2019-09-12 22:00:00+00:00,10412.0,10449.0,10359.3,10388.7,969.77760446
2019-09-13 00:00:00+00:00,10332.3,10439.6,10327.3,10412.1,702.20060232
2019-09-13 02:00:00+00:00,10362.6,10382.1,10331.2,10332.2,819.95762705
2019-09-13 04:00:00+00:00,10294.2,10395.7,10275.0,10362.7,1829.43154911
2019-09-13 06:00:00+00:00,10285.0,10318.0,10268.1,10293.6,1261.01486623
2019-09-13 08:00:00+00:00,10307.1,10325.5,10255.0,10284.7,2440.07645283
2019-09-13 10:00:00+00:00,10308.5,10329.0,10251.1,10307.2,1639.50865298
2019-09-13 12:00:00+00:00,10309.2,10346.1,10290.5,10308.6,1397.77264544
2019-09-13 14:00:00+00:00,10299.8,10327.6,10270.6,10309.2,833.47039833
2019-09-13 16:00:00+00:00,10228.7,10310.1,10188.0,10299.9,2123.18501864
2019-09-13 18:00:00+00:00,10208.9,10244.6,10186.8,10228.7,758.75578705
2019-09-13 20:00:00+00:00,10289.9,10299.0,10153.1,10210.0,1012.3701684
2019-09-13 22:00:00+00:00,10342.5,10379.6,10251.9,10290.0,1949.67884066
2019-09-14 00:00:00+00:00,10302.0,10354.0,10293.1,10342.5,642.83241125
2019-09-14 02:00:00+00:00,10281.7,10306.5,10271.0,10302.0,719.5496926
2019-09-14 04:00:00+00:00,10290.3,10306.1,10263.0,10281.7,1258.21641903
2019-09-14 06:00:00+00:00,10319.7,10332.7,10281.1,10290.3,903.46438457
2019-09-14 08:00:00+00:00,10305.4,10344.5,10290.6,10319.7,933.93766995
2019-09-14 10:00:00+00:00,10293.5,10320.0,10278.8,10305.4,442.95850112
2019-09-14 12:00:00+00:00,10324.6,10350.0,10220.0,10296.5,2855.6010655
2019-09-14 14:00:00+00:00,10356.1,10399.9,10310.4,10324.7,2593.76358754
2019-09-14 16:00:00+00:00,10379.9,10400.0,10326.1,10356.1,1516.78177036
2019-09-14 18:00:00+00:00,10363.6,10390.9,10340.8,10380.0,708.74442484
2019-09-14 20:00:00+00:00,10377.1,10416.7,10315.2,10363.6,1121.90735097
2019-09-14 22:00:00+00:00,10335.6,10387.3,10322.5,10377.9,671.40558507
2019-09-15 00:00:00+00:00,10336.3,10359.8,10311.1,10334.7,655.16931455
2019-09-15 02:00:00+00:00,10305.2,10337.1,10288.3,10336.3,1178.93227995
2019-09-15 04:00:00+00:00,10315.3,10331.3,10270.0,10305.3,2125.46612235
2019-09-15 06:00:00+00:00,10306.3,10326.2,10294.9,10315.3,488.13525124
2019-09-15 08:00:00+00:00,10286.4,10307.3,10264.1,10306.9,734.77977321
2019-09-15 10:00:00+00:00,10295.9,10319.8,10276.3,10286.5,897.91839946
2019-09-15 12:00:00+00:00,10271.7,10323.3,10252.2,10295.8,1017.96370142
2019-09-15 14:00:00+00:00,10304.3,10315.6,10252.2,10271.7,803.51711666
2019-09-15 16:00:00+00:00,10307.3,10328.1,10286.0,10304.3,448.08667636
2019-09-15 18:00:00+00:00,10297.1,10307.3,10276.9,10307.2,365.34467633
2019-09-15 20:00:00+00:00,10291.5,10309.3,10265.3,10297.2,265.11502204
2019-09-15 22:00:00+00:00,10301.0,10317.3,10285.1,10291.5,320.65429328
2019-09-16 00:00:00+00:00,10344.0,10356.8,10296.0,10300.9,1028.07761731
2019-09-16 02:00:00+00:00,10300.0,10353.2,10300.0,10344.0,1152.33327475
2019-09-16 04:00:00+00:00,10311.4,10323.3,10295.9,10300.1,837.5918485000001
2019-09-16 06:00:00+00:00,10303.2,10311.4,10276.6,10311.4,1177.7910815999999
2019-09-16 08:00:00+00:00,10304.0,10316.2,10283.7,10302.3,1208.96879556
2019-09-16 10:00:00+00:00,10283.2,10306.5,10275.1,10304.0,660.5019351
2019-09-16 12:00:00+00:00,10149.0,10282.0,10119.4,10282.0,5383.41839206
2019-09-16 14:00:00+00:00,10114.6,10163.4,10114.5,10149.0,1170.99397493
2019-09-16 16:00:00+00:00,10144.4,10159.9,10076.3,10114.7,1254.53883171
2019-09-16 18:00:00+00:00,10120.3,10151.0,10115.0,10144.2,242.01567183
2019-09-16 20:00:00+00:00,10285.5,10340.6,10120.4,10120.5,2650.19622876
2019-09-16 22:00:00+00:00,10250.1,10312.5,10230.1,10285.5,702.16012133
2019-09-17 00:00:00+00:00,10207.8,10259.0,10165.9,10250.0,1057.00273145
2019-09-17 02:00:00+00:00,10222.6,10230.7,10200.9,10208.7,599.04512274
2019-09-17 04:00:00+00:00,10195.3,10230.9,10150.0,10223.6,971.80275434
2019-09-17 06:00:00+00:00,10201.0,10214.3,10181.6,10195.2,916.42104871
2019-09-17 08:00:00+00:00,10159.2,10203.5,10133.2,10201.0,1090.86206074
2019-09-17 10:00:00+00:00,10163.2,10183.6,10153.9,10159.3,807.88940026
2019-09-17 12:00:00+00:00,10185.0,10247.1,10150.4,10163.2,1916.67352301
2019-09-17 14:00:00+00:00,10202.2,10225.2,10173.0,10185.0,782.20561167
2019-09-17 16:00:00+00:00,10249.0,10261.6,10198.9,10202.3,1818.18659977
2019-09-17 18:00:00+00:00,10252.0,10256.5,10213.2,10249.1,674.77094969
2019-09-17 20:00:00+00:00,10211.5,10271.9,10190.8,10254.3,630.35353741
2019-09-17 22:00:00+00:00,10185.8,10236.9,10167.4,10212.4,608.39281622
2019-09-18 00:00:00+00:00,10243.5,10258.3,10183.8,10185.8,1120.71138637
2019-09-18 02:00:00+00:00,10205.3,10250.5,10192.6,10243.5,1329.56531268
2019-09-18 04:00:00+00:00,10199.0,10228.8,10198.2,10205.4,599.44976707
2019-09-18 06:00:00+00:00,10197.9,10215.7,10185.5,10199.0,1251.13393816
2019-09-18 08:00:00+00:00,10169.4,10199.3,10143.0,10197.9,1327.80346646
2019-09-18 10:00:00+00:00,10155.7,10195.4,10140.1,10169.4,1005.36954401
2019-09-18 12:00:00+00:00,10175.4,10220.6,10087.1,10155.7,2945.58105211
2019-09-18 14:00:00+00:00,10171.3,10187.1,10150.3,10175.4,968.61334605
2019-09-18 16:00:00+00:00,10183.4,10202.4,10122.0,10171.3,1003.27295734
2019-09-18 18:00:00+00:00,10174.1,10204.4,10165.6,10184.1,468.43440082
2019-09-18 20:00:00+00:00,10194.9,10210.0,10134.3,10174.1,675.00221613
2019-09-18 22:00:00+00:00,10156.6,10214.7,10151.7,10195.0,708.40295414
2019-09-19 00:00:00+00:00,10125.5,10183.1,10119.0,10156.6,1296.41885089
2019-09-19 02:00:00+00:00,9818.9,10147.2,9630.0,10125.5,17793.63704104
2019-09-19 04:00:00+00:00,9889.8,9916.9,9781.6,9818.9,3900.3171795000003
2019-09-19 06:00:00+00:00,9872.9,9890.6,9851.4,9889.8,1054.74485597
2019-09-19 08:00:00+00:00,9877.6,9891.9,9861.1,9872.9,1505.92073408
2019-09-19 10:00:00+00:00,9857.2,9880.4,9819.9,9877.6,1021.68186802
2019-09-19 12:00:00+00:00,9861.1,9895.9,9853.7,9857.2,651.41552274
2019-09-19 14:00:00+00:00,9882.4,9882.9,9847.6,9861.1,621.75515304
2019-09-19 16:00:00+00:00,10018.7,10100.0,9874.6,9882.4,4272.99469439
2019-09-19 18:00:00+00:00,10087.6,10100.0,10006.7,10018.6,1468.81567699
2019-09-19 20:00:00+00:00,10240.7,10345.0,10087.6,10087.6,6989.64686712
2019-09-19 22:00:00+00:00,10247.3,10257.7,10200.0,10240.7,2028.28968612
2019-09-20 00:00:00+00:00,10199.4,10283.2,10182.7,10247.3,2841.20502297
2019-09-20 02:00:00+00:00,10215.9,10242.8,10155.0,10197.4,1645.32545334
2019-09-20 04:00:00+00:00,10163.2,10224.0,10159.4,10216.0,978.4135694
2019-09-20 06:00:00+00:00,10155.7,10189.2,10138.5,10163.2,1416.93919458
2019-09-20 08:00:00+00:00,10143.5,10186.1,10123.0,10155.7,1290.92442987
2019-09-20 10:00:00+00:00,10172.1,10210.8,10140.0,10143.6,884.86814672
2019-09-20 12:00:00+00:00,10181.6,10231.0,10160.6,10172.7,1324.0773478
2019-09-20 14:00:00+00:00,10180.0,10190.2,10134.2,10181.5,1068.1401046
2019-09-20 16:00:00+00:00,10126.3,10186.9,10070.0,10179.4,1978.97934335
2019-09-20 18:00:00+00:00,10160.3,10186.2,10126.2,10126.3,319.12235360000005
2019-09-20 20:00:00+00:00,10132.9,10169.1,10072.8,10160.2,651.71500075
2019-09-20 22:00:00+00:00,10169.2,10185.1,10132.8,10132.9,810.21004368
2019-09-21 00:00:00+00:00,10151.2,10177.0,10139.0,10169.2,457.67729201
2019-09-21 02:00:00+00:00,10125.8,10163.4,10115.6,10151.1,404.72419510000003
2019-09-21 04:00:00+00:00,10097.5,10125.9,10083.1,10125.9,720.85166536
2019-09-21 06:00:00+00:00,10076.2,10103.1,9968.0,10097.5,2919.9959572
2019-09-21 08:00:00+00:00,10001.7,10079.7,9984.3,10078.3,1872.47771538
2019-09-21 10:00:00+00:00,10046.8,10065.3,9981.1,10000.6,1241.0440843000001
2019-09-21 12:00:00+00:00,10010.4,10049.7,9910.5,10046.7,1989.46256924
2019-09-21 14:00:00+00:00,10037.7,10071.3,9983.9,10010.4,873.43029148
2019-09-21 16:00:00+00:00,9976.5,10057.8,9960.0,10037.7,1225.4919669
2019-09-21 18:00:00+00:00,10014.6,10014.6,9966.6,9976.5,611.23611977
2019-09-21 20:00:00+00:00,9977.4,10022.9,9953.3,10014.6,508.02896881
2019-09-21 22:00:00+00:00,9988.2,10016.9,9945.2,9977.4,725.24381612
2019-09-22 00:00:00+00:00,9906.2,10003.7,9863.1,9988.2,2519.64988557
2019-09-22 02:00:00+00:00,9870.0,9943.3,9870.0,9906.3,1211.394401
2019-09-22 04:00:00+00:00,9938.0,9974.5,9856.5,9871.3,1676.28168886
2019-09-22 06:00:00+00:00,10025.9,10055.9,9921.0,9936.3,1109.39118326
2019-09-22 08:00:00+00:00,10020.0,10088.0,9977.4,10025.8,1087.17799605
2019-09-22 10:00:00+00:00,10000.9,10034.1,9987.0,10020.1,557.75150709
2019-09-22 12:00:00+00:00,9985.7,10058.4,9931.0,10000.9,1558.66062467
2019-09-22 14:00:00+00:00,9990.4,9995.4,9941.2,9984.6,706.59445714
2019-09-22 16:00:00+00:00,9991.5,10027.6,9966.4,9990.5,1155.00443272
2019-09-22 18:00:00+00:00,9986.6,10000.9,9945.2,9992.6,575.21495967
2019-09-22 20:00:00+00:00,10050.9,10065.8,9982.9,9987.8,538.40600579
2019-09-22 22:00:00+00:00,10025.6,10073.0,10006.7,10050.9,956.15406038
2019-09-23 00:00:00+00:00,9983.9,10047.5,9944.4,10025.3,1950.21178337
2019-09-23 02:00:00+00:00,9974.9,9996.5,9946.6,9985.3,676.54954397
2019-09-23 04:00:00+00:00,9955.1,9988.5,9938.1,9975.0,628.04176844
2019-09-23 06:00:00+00:00,9905.9,9955.2,9877.0,9955.1,2827.85320223
2019-09-23 08:00:00+00:00,9951.2,9971.6,9905.2,9907.0,762.91231981
2019-09-23 10:00:00+00:00,9914.8,9951.7,9914.6,9951.3,518.96227537
2019-09-23 12:00:00+00:00,9900.7,9930.0,9879.2,9914.8,1204.01919049
2019-09-23 14:00:00+00:00,9868.4,9956.3,9700.0,9900.6,5645.26649909
2019-09-23 16:00:00+00:00,9793.2,9883.0,9776.2,9868.4,1704.02413058
2019-09-23 18:00:00+00:00,9806.6,9847.5,9783.1,9793.3,783.53656062
2019-09-23 20:00:00+00:00,9752.7,9839.6,9662.0,9807.2,4597.08357733
2019-09-23 22:00:00+00:00,9701.3,9752.7,9629.1,9752.7,4358.50787385
2019-09-24 00:00:00+00:00,9725.4,9790.3,9603.2,9701.2,2772.38259037
2019-09-24 02:00:00+00:00,9720.4,9754.2,9681.3,9725.3,1263.45992997
2019-09-24 04:00:00+00:00,9760.9,9764.8,9685.8,9720.5,1080.74242525
2019-09-24 06:00:00+00:00,9752.4,9788.3,9730.1,9760.9,1052.84858
2019-09-24 08:00:00+00:00,9735.0,9765.8,9680.0,9752.5,1653.46783733
2019-09-24 10:00:00+00:00,9724.6,9767.7,9700.0,9735.0,1331.59850907
2019-09-24 12:00:00+00:00,9631.5,9729.1,9588.2,9724.6,3441.16013101
2019-09-24 14:00:00+00:00,9529.4,9634.9,9410.0,9631.5,9131.46987044
2019-09-24 16:00:00+00:00,9482.9,9598.9,9450.0,9528.3,2896.18351188
2019-09-24 18:00:00+00:00,8166.1,9486.3,7660.0,9482.5,38349.36170524
2019-09-24 20:00:00+00:00,8633.9,8721.4,8030.0,8161.7,21429.50263386
2019-09-24 22:00:00+00:00,8498.1,8757.0,8455.0,8633.6,7327.29936181
2019-09-25 00:00:00+00:00,8690.7,8728.4,8493.5,8498.3,4916.40366665
2019-09-25 02:00:00+00:00,8570.2,8707.6,8544.3,8694.5,3588.55034709
2019-09-25 04:00:00+00:00,8495.6,8591.1,8421.0,8570.2,4141.78428635
2019-09-25 06:00:00+00:00,8326.6,8537.4,8314.4,8495.6,6078.17077619
2019-09-25 08:00:00+00:00,8396.4,8407.3,8214.5,8326.6,7786.40953222
2019-09-25 10:00:00+00:00,8324.0,8451.8,8292.5,8396.5,3165.76623294
2019-09-25 12:00:00+00:00,8387.3,8432.2,8235.5,8323.9,4722.77488124
2019-09-25 14:00:00+00:00,8298.4,8456.2,8285.0,8392.0,2906.74082217
2019-09-25 16:00:00+00:00,8370.5,8412.2,8221.9,8298.4,4029.24561565
2019-09-25 18:00:00+00:00,8350.0,8396.6,8309.1,8370.4,1395.38528372
2019-09-25 20:00:00+00:00,8566.8,8569.6,8342.7,8350.1,2928.559875
2019-09-25 22:00:00+00:00,8430.9,8619.0,8317.1,8566.8,4522.19288512
2019-09-26 00:00:00+00:00,8348.7,8444.8,8343.8,8430.8,1707.43109444
2019-09-26 02:00:00+00:00,8361.8,8399.0,8317.4,8348.7,1587.29078743
2019-09-26 04:00:00+00:00,8388.4,8420.8,8334.5,8361.9,1516.72092931
2019-09-26 06:00:00+00:00,8376.4,8429.8,8363.5,8388.4,1153.46526295
2019-09-26 08:00:00+00:00,8443.1,8466.4,8365.6,8376.4,1850.19303841
2019-09-26 10:00:00+00:00,8388.3,8456.6,8385.9,8443.2,966.46826337
2019-09-26 12:00:00+00:00,8258.7,8440.0,8051.4,8388.2,9593.99535893
2019-09-26 14:00:00+00:00,7926.7,8411.9,7851.0,8259.4,14386.78664327
2019-09-26 16:00:00+00:00,7927.0,8021.7,7722.0,7931.3,16922.47325606
2019-09-26 18:00:00+00:00,8131.8,8190.0,7907.7,7927.1,6994.56748234
2019-09-26 20:00:00+00:00,8078.9,8168.4,8011.3,8131.8,2046.19944996
2019-09-26 22:00:00+00:00,8061.9,8134.4,8020.4,8078.9,2109.19854451
2019-09-27 00:00:00+00:00,8007.3,8093.2,7941.0,8062.8,3448.80156181
2019-09-27 02:00:00+00:00,8022.2,8051.7,7971.0,8006.1,1171.23216752
2019-09-27 04:00:00+00:00,7978.6,8040.9,7955.3,8022.3,1901.89370293
2019-09-27 06:00:00+00:00,8060.4,8085.6,7978.6,7978.6,3319.85758187
2019-09-27 08:00:00+00:00,8049.9,8131.4,8020.0,8060.3,2100.71840759
2019-09-27 10:00:00+00:00,7988.3,8083.5,7948.6,8050.0,2339.59392018
2019-09-27 12:00:00+00:00,7997.6,8037.9,7949.6,7988.4,1267.24364141
2019-09-27 14:00:00+00:00,7979.9,8098.0,7860.2,7997.6,6215.61879774
2019-09-27 16:00:00+00:00,8030.0,8050.2,7936.2,7979.7,2305.62162862
2019-09-27 18:00:00+00:00,7990.0,8060.0,7990.0,8030.0,1182.65032684
2019-09-27 20:00:00+00:00,8211.2,8257.9,7976.9,7990.4,3633.60358633
2019-09-27 22:00:00+00:00,8176.0,8259.3,8140.6,8211.2,3240.81597752
2019-09-28 00:00:00+00:00,8159.6,8208.1,8144.6,8175.9,1425.92090709
2019-09-28 02:00:00+00:00,8165.6,8173.2,8120.7,8157.6,1300.12886933
2019-09-28 04:00:00+00:00,8155.0,8180.8,8145.6,8165.7,461.17101269
2019-09-28 06:00:00+00:00,8213.0,8223.0,8138.5,8155.0,812.83661927
2019-09-28 08:00:00+00:00,8221.5,8221.5,8172.0,8211.6,970.33465523
2019-09-28 10:00:00+00:00,8136.5,8245.7,8122.4,8221.5,2557.69990698
2019-09-28 12:00:00+00:00,8112.5,8138.4,8034.2,8136.4,3966.26657553
2019-09-28 14:00:00+00:00,8067.0,8116.0,8003.7,8115.9,3397.44781619
2019-09-28 16:00:00+00:00,8149.7,8169.4,8037.6,8067.0,2874.42513558
2019-09-28 18:00:00+00:00,8144.8,8181.7,8098.8,8145.6,1396.20397519
2019-09-28 20:00:00+00:00,8124.5,8177.7,8120.2,8144.8,763.56717607
2019-09-28 22:00:00+00:00,8200.2,8350.0,8060.0,8124.5,7829.99016094
2019-09-29 00:00:00+00:00,8171.7,8227.0,8163.9,8200.2,1249.5799405999999
2019-09-29 02:00:00+00:00,8128.7,8173.2,8118.9,8171.7,903.73768653
2019-09-29 04:00:00+00:00,8118.6,8140.2,8094.0,8129.4,969.6885286
2019-09-29 06:00:00+00:00,8083.2,8119.6,8035.6,8118.6,2170.13648595
2019-09-29 08:00:00+00:00,8095.2,8114.8,8068.4,8083.1,904.49048821
2019-09-29 10:00:00+00:00,8074.5,8102.8,8030.1,8095.4,1443.42331094
2019-09-29 12:00:00+00:00,7999.5,8076.6,7901.0,8074.5,3625.77483922
2019-09-29 14:00:00+00:00,7966.3,8028.3,7890.1,7997.4,1971.23401983
2019-09-29 16:00:00+00:00,7992.6,8034.2,7928.1,7966.4,1585.75926016
2019-09-29 18:00:00+00:00,7951.4,8016.3,7917.2,7991.3,1936.7321164999998
2019-09-29 20:00:00+00:00,8038.7,8095.0,7918.5,7950.9,2119.05834195
2019-09-29 22:00:00+00:00,8041.9,8129.9,8021.9,8038.8,1525.86777705
2019-09-30 00:00:00+00:00,8015.8,8055.1,7965.1,8044.3,1550.58800456
2019-09-30 02:00:00+00:00,7974.0,8018.9,7955.1,8015.8,902.53458108
2019-09-30 04:00:00+00:00,7798.5,7973.7,7712.3,7972.3,10489.77666079
2019-09-30 06:00:00+00:00,7796.4,7822.8,7736.7,7797.4,3563.39873286
2019-09-30 08:00:00+00:00,8004.7,8035.3,7777.4,7796.4,5007.11605916
2019-09-30 10:00:00+00:00,8036.4,8094.8,7988.2,8004.7,3467.62065371
2019-09-30 12:00:00+00:00,8114.9,8178.0,7985.6,8036.0,3486.2578573
2019-09-30 14:00:00+00:00,8284.0,8306.0,8090.0,8115.6,5703.52390782
2019-09-30 16:00:00+00:00,8230.1,8334.0,8196.4,8286.0,2617.47885198
2019-09-30 18:00:00+00:00,8268.6,8295.3,8230.1,8230.1,1238.91414878
2019-09-30 20:00:00+00:00,8233.6,8269.4,8165.1,8268.9,1541.58486877
2019-09-30 22:00:00+00:00,8288.7,8294.2,8206.9,8233.7,1009.8435957
2019-10-01 00:00:00+00:00,8270.0,8307.0,8174.8,8289.9,2753.77617682
2019-10-01 02:00:00+00:00,8397.4,8498.0,8265.1,8270.0,5926.01103416
2019-10-01 04:00:00+00:00,8417.9,8465.2,8389.8,8397.4,1199.00188219
2019-10-01 06:00:00+00:00,8406.9,8417.9,8347.3,8417.9,1091.40908686
2019-10-01 08:00:00+00:00,8317.3,8409.9,8290.9,8406.4,1608.10295143
2019-10-01 10:00:00+00:00,8350.3,8356.5,8285.0,8317.3,1084.03986609
2019-10-01 12:00:00+00:00,8343.5,8422.9,8270.0,8350.1,2501.25046133
2019-10-01 14:00:00+00:00,8363.5,8370.0,8303.3,8343.5,876.15398919
2019-10-01 16:00:00+00:00,8281.3,8496.4,8235.1,8364.4,4803.59545817
2019-10-01 18:00:00+00:00,8302.4,8327.5,8224.9,8281.2,1949.67331668
2019-10-01 20:00:00+00:00,8300.4,8402.7,8274.4,8302.7,1516.88727793
2019-10-01 22:00:00+00:00,8292.8,8364.3,8265.5,8300.6,1366.68022968
2019-10-02 00:00:00+00:00,8280.4,8329.6,8264.3,8291.8,1033.75264376
2019-10-02 02:00:00+00:00,8242.2,8300.0,8205.0,8279.8,1395.32057081
2019-10-02 04:00:00+00:00,8162.6,8255.3,8150.8,8242.3,1695.92189715
2019-10-02 06:00:00+00:00,8205.3,8238.8,8163.0,8163.0,907.7411311000001
2019-10-02 08:00:00+00:00,8234.8,8275.9,8202.8,8203.8,792.24254304
2019-10-02 10:00:00+00:00,8269.8,8292.0,8212.5,8235.3,781.84359881
2019-10-02 12:00:00+00:00,8214.9,8297.8,8201.0,8269.0,987.43717342
2019-10-02 14:00:00+00:00,8236.9,8248.9,8193.6,8215.0,848.65501144
2019-10-02 16:00:00+00:00,8229.9,8272.0,8181.5,8237.0,1369.44202865
2019-10-02 18:00:00+00:00,8254.4,8263.3,8218.2,8229.5,723.81399804
2019-10-02 20:00:00+00:00,8255.8,8266.7,8213.6,8254.4,336.19565539
2019-10-02 22:00:00+00:00,8359.6,8372.1,8231.0,8255.8,1600.1065101
2019-10-03 00:00:00+00:00,8320.7,8395.9,8300.4,8359.7,911.51652345
2019-10-03 02:00:00+00:00,8327.2,8345.7,8320.6,8320.7,499.9701409
2019-10-03 04:00:00+00:00,8281.0,8368.2,8279.9,8326.8,877.84785388
2019-10-03 06:00:00+00:00,8262.9,8300.0,8240.0,8281.0,929.98974142
2019-10-03 08:00:00+00:00,8265.0,8290.8,8238.0,8262.9,860.74327988
2019-10-03 10:00:00+00:00,8216.3,8266.2,8181.9,8265.0,1330.82827123
2019-10-03 12:00:00+00:00,8215.6,8246.4,8207.6,8216.3,501.66306739
2019-10-03 14:00:00+00:00,8110.3,8217.7,8068.2,8215.5,4587.51582398
2019-10-03 16:00:00+00:00,8146.2,8211.0,8100.4,8110.3,2147.87378584
2019-10-03 18:00:00+00:00,8146.3,8159.1,8090.0,8146.1,1006.54704575
2019-10-03 20:00:00+00:00,8165.0,8195.3,8115.0,8146.3,488.73797637
2019-10-03 22:00:00+00:00,8225.4,8282.0,8140.4,8165.0,2263.41739419
2019-10-04 00:00:00+00:00,8116.3,8229.9,8038.0,8226.4,3230.18106893
2019-10-04 02:00:00+00:00,8104.6,8132.8,8073.5,8115.3,529.71682119
2019-10-04 04:00:00+00:00,8095.8,8121.4,8001.0,8104.6,2058.47118157
2019-10-04 06:00:00+00:00,8137.8,8148.0,8091.2,8095.8,1211.63364783
2019-10-04 08:00:00+00:00,8124.6,8137.9,8083.7,8137.9,1272.34560233
2019-10-04 10:00:00+00:00,8152.3,8176.2,8121.4,8124.7,1129.81271117
2019-10-04 12:00:00+00:00,8167.0,8181.6,8123.3,8152.4,777.25804733
2019-10-04 14:00:00+00:00,8148.2,8185.9,8122.0,8167.6,842.14257873
2019-10-04 16:00:00+00:00,8165.4,8215.1,8127.3,8148.2,1739.11992619
2019-10-04 18:00:00+00:00,8181.7,8201.1,8149.4,8165.5,882.02441165
2019-10-04 20:00:00+00:00,8171.5,8216.8,8129.0,8181.7,852.51713716
2019-10-04 22:00:00+00:00,8133.5,8202.1,8130.5,8171.6,708.5216055
2019-10-05 00:00:00+00:00,8108.8,8147.1,8100.0,8133.6,915.68127017
2019-10-05 02:00:00+00:00,8138.9,8143.3,8093.0,8108.8,353.71929083
2019-10-05 04:00:00+00:00,8116.3,8146.0,8108.6,8137.9,835.31593469
2019-10-05 06:00:00+00:00,8107.9,8140.9,8095.7,8116.3,753.99443638
2019-10-05 08:00:00+00:00,8083.2,8108.1,8072.2,8107.1,758.13571926
2019-10-05 10:00:00+00:00,8082.3,8104.5,8066.9,8083.2,438.91743364
2019-10-05 12:00:00+00:00,8073.4,8089.6,8013.2,8082.4,1200.06497875
2019-10-05 14:00:00+00:00,8080.6,8090.0,8026.5,8073.4,1032.22524358
2019-10-05 16:00:00+00:00,8037.8,8099.0,8032.3,8080.1,859.37130924
2019-10-05 18:00:00+00:00,8067.4,8092.3,8037.7,8037.7,553.80988702
2019-10-05 20:00:00+00:00,8144.0,8200.4,8059.4,8067.4,1138.34130318
2019-10-05 22:00:00+00:00,8125.0,8174.0,8100.2,8144.0,934.37063408
2019-10-06 00:00:00+00:00,8059.7,8151.2,8041.0,8125.0,1055.40255487
2019-10-06 02:00:00+00:00,8042.1,8065.9,8008.0,8059.7,1770.37654182
2019-10-06 04:00:00+00:00,8048.9,8073.1,8033.0,8042.2,464.76708089
2019-10-06 06:00:00+00:00,7966.7,8055.8,7909.0,8049.0,3069.24459155
2019-10-06 08:00:00+00:00,7935.2,7965.1,7863.8,7965.1,1648.12503864
2019-10-06 10:00:00+00:00,7941.9,7964.1,7895.1,7935.2,1308.68827435
2019-10-06 12:00:00+00:00,7902.6,7962.5,7881.3,7942.0,855.89241293
2019-10-06 14:00:00+00:00,8008.8,8050.0,7859.1,7901.7,3600.80560553
2019-10-06 16:00:00+00:00,7974.2,8024.9,7959.3,8008.8,1020.22951592
2019-10-06 18:00:00+00:00,7891.1,7992.0,7780.5,7974.2,5479.3384019
2019-10-06 20:00:00+00:00,7915.2,7925.0,7865.1,7890.5,1180.99429341
2019-10-06 22:00:00+00:00,7860.1,7915.3,7800.0,7915.3,1805.23491006
2019-10-07 00:00:00+00:00,7815.2,7865.4,7765.4,7857.7,3331.06554266
2019-10-07 02:00:00+00:00,7864.9,7905.4,7795.9,7815.2,1789.0406157000002
2019-10-07 04:00:00+00:00,7836.6,7885.4,7805.7,7866.3,822.23792661
2019-10-07 06:00:00+00:00,7864.6,7880.0,7802.0,7836.6,1233.66153619
2019-10-07 08:00:00+00:00,7925.0,7946.3,7864.6,7864.6,3194.65172112
2019-10-07 10:00:00+00:00,7984.6,8059.5,7924.9,7925.0,3334.31854821
2019-10-07 12:00:00+00:00,8144.5,8196.9,7984.6,7984.7,4420.84898255
2019-10-07 14:00:00+00:00,8177.5,8221.0,8111.3,8143.9,2240.6985943000004
2019-10-07 16:00:00+00:00,8265.6,8275.0,8136.7,8176.5,3990.36984362
2019-10-07 18:00:00+00:00,8210.3,8298.2,8206.8,8264.0,1823.89658364
2019-10-07 20:00:00+00:00,8193.1,8240.0,8177.0,8210.2,846.86958654
2019-10-07 22:00:00+00:00,8188.9,8250.0,8183.3,8193.1,1028.01227208
2019-10-08 00:00:00+00:00,8283.2,8286.7,8189.4,8189.5,1709.62116748
2019-10-08 02:00:00+00:00,8254.4,8325.6,8234.2,8283.3,2279.5570235
2019-10-08 04:00:00+00:00,8244.6,8287.8,8205.2,8254.5,1150.11611968
2019-10-08 06:00:00+00:00,8199.8,8255.5,8194.8,8244.8,967.1925606000001
2019-10-08 08:00:00+00:00,8169.4,8203.5,8129.7,8200.0,2240.43826431
2019-10-08 10:00:00+00:00,8179.2,8209.0,8154.1,8169.4,847.56891209
2019-10-08 12:00:00+00:00,8200.0,8248.2,8134.6,8178.9,1522.04167427
2019-10-08 14:00:00+00:00,8186.5,8219.8,8158.0,8200.0,720.10157004
2019-10-08 16:00:00+00:00,8172.8,8210.1,8156.7,8185.0,777.59585922
2019-10-08 18:00:00+00:00,8162.7,8199.7,8158.2,8172.8,690.83985602
2019-10-08 20:00:00+00:00,8162.3,8185.1,8100.0,8163.2,1093.94764277
2019-10-08 22:00:00+00:00,8168.4,8211.3,8153.9,8162.6,1222.47961146
2019-10-09 00:00:00+00:00,8162.3,8203.4,8137.2,8168.4,1600.98956438
2019-10-09 02:00:00+00:00,8122.0,8164.5,8121.7,8162.3,1179.96591337
2019-10-09 04:00:00+00:00,8148.6,8163.1,8115.2,8122.1,1152.63629849
2019-10-09 06:00:00+00:00,8181.3,8195.7,8136.6,8148.7,1286.94727597
2019-10-09 08:00:00+00:00,8195.7,8221.6,8160.0,8181.3,1950.63434984
2019-10-09 10:00:00+00:00,8187.2,8235.7,8165.0,8193.9,800.63735376
2019-10-09 12:00:00+00:00,8243.4,8244.8,8160.0,8187.2,1294.01071594
2019-10-09 14:00:00+00:00,8551.3,8660.0,8241.0,8243.8,16801.49273107
2019-10-09 16:00:00+00:00,8619.0,8636.6,8495.4,8551.4,3519.98066917
2019-10-09 18:00:00+00:00,8581.6,8668.2,8553.0,8616.1,1707.79557825
2019-10-09 20:00:00+00:00,8542.6,8613.0,8526.6,8581.6,923.43505177
2019-10-09 22:00:00+00:00,8559.9,8615.1,8541.4,8542.7,2468.18057705
2019-10-10 00:00:00+00:00,8530.2,8590.0,8526.4,8559.9,1983.27674184
2019-10-10 02:00:00+00:00,8543.7,8574.4,8499.9,8530.2,3011.86147975
2019-10-10 04:00:00+00:00,8552.2,8583.8,8540.0,8543.8,882.39857808
2019-10-10 06:00:00+00:00,8613.5,8646.5,8537.4,8550.0,2089.46790328
2019-10-10 08:00:00+00:00,8513.2,8621.0,8493.6,8614.4,2910.71584406
2019-10-10 10:00:00+00:00,8521.1,8530.3,8467.0,8513.2,3766.22840211
2019-10-10 12:00:00+00:00,8479.8,8521.1,8418.1,8521.1,2483.63996978
2019-10-10 14:00:00+00:00,8538.4,8550.0,8454.6,8478.8,1603.4772681
2019-10-10 16:00:00+00:00,8492.7,8572.5,8491.7,8538.4,863.30645033
2019-10-10 18:00:00+00:00,8551.6,8551.6,8483.9,8492.7,523.65349694
2019-10-10 20:00:00+00:00,8543.3,8588.0,8519.8,8552.0,771.15716155
2019-10-10 22:00:00+00:00,8556.7,8568.8,8526.8,8544.2,634.57991279
2019-10-11 00:00:00+00:00,8524.6,8568.3,8476.3,8556.3,1428.24827788
2019-10-11 02:00:00+00:00,8551.9,8558.5,8494.0,8524.7,837.26078285
2019-10-11 04:00:00+00:00,8437.5,8779.9,8363.3,8552.7,14714.47143918
2019-10-11 06:00:00+00:00,8389.4,8444.2,8373.5,8442.9,3466.00080308
2019-10-11 08:00:00+00:00,8348.0,8389.1,8286.2,8388.9,3137.59874657
2019-10-11 10:00:00+00:00,8297.4,8377.5,8280.7,8349.3,2251.13513523
2019-10-11 12:00:00+00:00,8340.8,8357.4,8271.3,8297.6,686.26952856
2019-10-11 14:00:00+00:00,8346.2,8350.0,8281.5,8341.3,1541.11677396
2019-10-11 16:00:00+00:00,8340.8,8373.3,8282.6,8346.2,3360.23139084
2019-10-11 18:00:00+00:00,8346.2,8359.4,8303.2,8340.8,561.39453133
2019-10-11 20:00:00+00:00,8314.9,8360.6,8307.9,8345.4,598.560076
2019-10-11 22:00:00+00:00,8258.9,8345.3,8221.0,8315.0,1705.36572784
2019-10-12 00:00:00+00:00,8312.4,8330.0,8250.4,8257.5,1120.9552127
2019-10-12 02:00:00+00:00,8311.2,8329.0,8294.4,8311.8,658.80732325
2019-10-12 04:00:00+00:00,8330.0,8349.0,8305.2,8311.2,667.66889434
2019-10-12 06:00:00+00:00,8335.1,8357.3,8324.9,8330.0,522.81696239
2019-10-12 08:00:00+00:00,8335.0,8366.6,8324.6,8335.1,833.466507
2019-10-12 10:00:00+00:00,8316.8,8339.1,8287.7,8335.1,1002.04220958
2019-10-12 12:00:00+00:00,8329.1,8339.0,8305.7,8316.7,403.13035889
2019-10-12 14:00:00+00:00,8371.9,8398.0,8309.3,8329.0,1482.78615683
2019-10-12 16:00:00+00:00,8324.0,8396.2,8317.2,8372.0,624.88535974
2019-10-12 18:00:00+00:00,8308.0,8330.0,8286.1,8322.8,549.4076230000001
2019-10-12 20:00:00+00:00,8331.6,8340.3,8309.1,8309.9,243.76671282
2019-10-12 22:00:00+00:00,8301.4,8339.9,8293.4,8331.6,452.3794871
2019-10-13 00:00:00+00:00,8340.5,8363.9,8281.0,8301.7,651.36012328
2019-10-13 02:00:00+00:00,8336.9,8351.6,8327.2,8340.8,377.19002624
2019-10-13 04:00:00+00:00,8324.6,8354.1,8315.2,8336.9,427.50211197
2019-10-13 06:00:00+00:00,8319.1,8345.4,8309.2,8324.6,422.2076732
2019-10-13 08:00:00+00:00,8337.1,8347.9,8317.0,8319.1,393.58374962
2019-10-13 10:00:00+00:00,8349.8,8382.0,8326.3,8337.1,584.26263621
2019-10-13 12:00:00+00:00,8412.9,8440.0,8348.2,8350.4,1782.60814301
2019-10-13 14:00:00+00:00,8403.6,8419.9,8366.8,8412.9,727.43202068
2019-10-13 16:00:00+00:00,8421.8,8449.5,8402.2,8403.1,1316.53493626
2019-10-13 18:00:00+00:00,8434.0,8438.2,8418.1,8422.1,290.24731064
2019-10-13 20:00:00+00:00,8250.4,8432.7,8150.0,8432.7,5690.07917927
2019-10-13 22:00:00+00:00,8278.1,8313.1,8244.5,8250.3,622.92847918
2019-10-14 00:00:00+00:00,8285.7,8294.9,8246.8,8276.4,605.0437619
2019-10-14 02:00:00+00:00,8286.1,8307.0,8279.0,8285.6,822.89289806
2019-10-14 04:00:00+00:00,8307.9,8324.8,8272.2,8286.2,1032.14872943
2019-10-14 06:00:00+00:00,8303.4,8332.6,8282.2,8308.0,873.26973394
2019-10-14 08:00:00+00:00,8298.7,8323.3,8288.1,8303.4,742.15175058
2019-10-14 10:00:00+00:00,8281.7,8315.0,8279.7,8298.7,521.75358822
2019-10-14 12:00:00+00:00,8286.0,8287.9,8241.9,8281.6,1045.11269295
2019-10-14 14:00:00+00:00,8252.0,8286.1,8245.0,8286.0,1078.69956304
2019-10-14 16:00:00+00:00,8325.5,8385.5,8207.5,8250.9,3891.44731996
2019-10-14 18:00:00+00:00,8328.3,8375.5,8322.1,8325.6,721.38277682
2019-10-14 20:00:00+00:00,8308.2,8348.7,8242.6,8328.3,1083.70663437
2019-10-14 22:00:00+00:00,8348.1,8349.2,8303.3,8308.3,564.26917388
2019-10-15 00:00:00+00:00,8327.0,8409.9,8320.0,8348.2,2220.20897523
2019-10-15 02:00:00+00:00,8316.2,8335.1,8309.6,8327.0,733.65207559
2019-10-15 04:00:00+00:00,8324.9,8332.3,8302.3,8316.2,582.87910562
2019-10-15 06:00:00+00:00,8284.7,8337.6,8273.0,8324.9,1081.71721657
2019-10-15 08:00:00+00:00,8275.4,8299.8,8258.0,8283.6,1297.36996426
2019-10-15 10:00:00+00:00,8293.2,8321.9,8271.7,8275.4,1836.23652016
2019-10-15 12:00:00+00:00,8299.9,8323.3,8284.8,8293.2,1320.11251477
2019-10-15 14:00:00+00:00,8317.8,8366.7,8239.1,8299.9,2898.45816943
2019-10-15 16:00:00+00:00,8166.6,8317.7,8068.8,8316.8,5307.08239536
2019-10-15 18:00:00+00:00,8175.6,8175.9,8146.0,8167.2,758.19331011
2019-10-15 20:00:00+00:00,8155.9,8175.7,8130.1,8175.7,286.93895712
2019-10-15 22:00:00+00:00,8161.4,8181.4,8133.3,8156.0,708.34096559
2019-10-16 00:00:00+00:00,8173.1,8181.3,8146.7,8161.4,881.39820715
2019-10-16 02:00:00+00:00,8164.9,8180.0,8148.0,8173.0,555.3931294
2019-10-16 04:00:00+00:00,8168.9,8176.0,8158.0,8166.1,329.09621104
2019-10-16 06:00:00+00:00,8135.8,8176.2,8120.7,8168.9,845.04064
2019-10-16 08:00:00+00:00,8145.9,8149.4,8102.0,8134.8,1579.66522082
2019-10-16 10:00:00+00:00,8059.2,8161.8,8006.8,8146.0,2455.71928699
2019-10-16 12:00:00+00:00,7999.8,8059.2,7932.7,8059.2,4546.20421586
2019-10-16 14:00:00+00:00,7950.4,8000.2,7945.7,7999.8,1442.33110279
2019-10-16 16:00:00+00:00,7976.6,8022.0,7917.0,7950.4,1874.6846360999998
2019-10-16 18:00:00+00:00,7957.5,7979.3,7928.6,7978.3,1014.64213751
2019-10-16 20:00:00+00:00,7977.2,7989.3,7958.0,7958.5,332.42495202
2019-10-16 22:00:00+00:00,7991.4,8019.1,7976.9,7977.2,606.52356242
2019-10-17 00:00:00+00:00,7958.4,7994.6,7955.1,7992.0,536.91337082
2019-10-17 02:00:00+00:00,7967.1,7987.3,7957.4,7958.6,434.89668942
2019-10-17 04:00:00+00:00,7977.7,7979.1,7928.9,7967.1,811.2298977
2019-10-17 06:00:00+00:00,7975.6,7986.6,7954.5,7977.7,452.12604774
2019-10-17 08:00:00+00:00,8063.1,8078.0,7974.2,7975.5,2096.71019601
2019-10-17 10:00:00+00:00,8066.6,8116.8,8062.2,8063.2,1003.98707171
2019-10-17 12:00:00+00:00,8061.6,8073.5,8013.9,8066.0,1090.75382624
2019-10-17 14:00:00+00:00,8069.6,8088.0,8030.2,8061.5,980.10282593
2019-10-17 16:00:00+00:00,8080.0,8128.8,8055.5,8069.7,731.30466486
2019-10-17 18:00:00+00:00,8055.5,8085.2,8041.1,8080.0,450.88229018
2019-10-17 20:00:00+00:00,8061.0,8064.1,8036.6,8057.0,360.12034165
2019-10-17 22:00:00+00:00,8068.9,8074.9,8042.7,8060.8,424.25036837
2019-10-18 00:00:00+00:00,8105.1,8105.2,8051.1,8068.8,665.13502744
2019-10-18 02:00:00+00:00,8065.5,8112.5,8057.0,8105.2,505.98602207
2019-10-18 04:00:00+00:00,7908.8,8070.7,7865.0,8065.6,4237.16520683
2019-10-18 06:00:00+00:00,7912.0,7922.7,7866.2,7907.8,1747.27583656
2019-10-18 08:00:00+00:00,7910.6,7926.9,7816.8,7912.1,2303.19063135
2019-10-18 10:00:00+00:00,7921.5,7938.2,7880.1,7910.6,792.86794333
2019-10-18 12:00:00+00:00,7933.6,7976.4,7917.6,7921.6,935.95726811
2019-10-18 14:00:00+00:00,7919.5,7934.4,7880.2,7932.6,919.90707527
2019-10-18 16:00:00+00:00,7936.1,7952.1,7904.8,7919.5,710.95598615
2019-10-18 18:00:00+00:00,7939.2,7980.9,7925.8,7936.6,566.4344637999999
2019-10-18 20:00:00+00:00,7935.7,7946.7,7914.5,7939.8,304.91777951
2019-10-18 22:00:00+00:00,7945.2,7976.8,7935.6,7935.7,590.86054604
2019-10-19 00:00:00+00:00,7915.2,7951.0,7910.0,7946.5,666.78267977
2019-10-19 02:00:00+00:00,7939.6,7958.0,7891.2,7915.1,539.50159405
2019-10-19 04:00:00+00:00,7935.5,7956.6,7916.9,7939.7,312.84450056
2019-10-19 06:00:00+00:00,7931.2,7941.8,7914.0,7935.6,296.24204352
2019-10-19 08:00:00+00:00,7943.4,8000.0,7929.8,7930.9,1425.03192385
2019-10-19 10:00:00+00:00,7942.0,7952.1,7920.0,7943.4,416.96239631
2019-10-19 12:00:00+00:00,8012.0,8100.0,7870.0,7943.6,3333.73873409
2019-10-19 14:00:00+00:00,7989.1,8023.8,7979.3,8012.0,496.8825544
2019-10-19 16:00:00+00:00,7999.1,8000.2,7950.6,7989.1,602.37790389
2019-10-19 18:00:00+00:00,7972.6,8002.0,7958.2,7999.1,519.00444944
2019-10-19 20:00:00+00:00,7947.3,7975.2,7887.6,7973.2,1323.78641011
2019-10-19 22:00:00+00:00,7950.7,7959.2,7919.2,7947.4,610.51969839
2019-10-20 00:00:00+00:00,7902.6,7952.1,7880.1,7950.0,1171.93088773
2019-10-20 02:00:00+00:00,7905.9,7925.3,7870.0,7903.0,827.7763722
2019-10-20 04:00:00+00:00,7909.5,7932.5,7900.0,7906.0,323.49903557
2019-10-20 06:00:00+00:00,7908.5,7939.0,7900.8,7910.1,758.95406287
2019-10-20 08:00:00+00:00,7948.5,7980.9,7876.9,7906.0,1148.29911606
2019-10-20 10:00:00+00:00,7941.0,7962.2,7923.3,7948.6,240.67501775
2019-10-20 12:00:00+00:00,7956.2,7987.9,7939.0,7940.7,723.76485915
2019-10-20 14:00:00+00:00,8023.4,8042.7,7945.5,7956.0,2018.32243912
2019-10-20 16:00:00+00:00,8141.5,8166.1,8010.1,8023.4,3401.53425625
2019-10-20 18:00:00+00:00,8232.9,8235.9,8129.4,8142.2,1736.48837953
2019-10-20 20:00:00+00:00,8195.5,8298.1,8183.3,8232.9,1771.46548856
2019-10-20 22:00:00+00:00,8219.6,8228.8,8170.0,8194.4,498.92954969
2019-10-21 00:00:00+00:00,8214.9,8233.4,8182.9,8220.3,1300.05809283
2019-10-21 02:00:00+00:00,8218.4,8254.2,8203.3,8214.0,897.96483773
2019-10-21 04:00:00+00:00,8227.7,8240.0,8204.4,8218.5,479.4123403
2019-10-21 06:00:00+00:00,8221.5,8248.6,8206.0,8227.8,707.05432799
2019-10-21 08:00:00+00:00,8199.9,8221.4,8191.0,8221.4,568.12336703
2019-10-21 10:00:00+00:00,8232.6,8283.8,8198.0,8200.0,1657.43187771
2019-10-21 12:00:00+00:00,8238.5,8261.2,8218.8,8232.7,833.39378855
2019-10-21 14:00:00+00:00,8190.4,8333.0,8150.9,8238.4,2944.15642168
2019-10-21 16:00:00+00:00,8188.9,8197.1,8142.8,8190.5,692.00575817
2019-10-21 18:00:00+00:00,8184.5,8191.5,8150.4,8189.2,341.99032939
2019-10-21 20:00:00+00:00,8208.1,8227.9,8184.5,8184.5,589.51780511
2019-10-21 22:00:00+00:00,8197.3,8218.6,8179.4,8208.1,402.14413903
2019-10-22 00:00:00+00:00,8165.1,8205.5,8165.0,8197.2,610.35858652
2019-10-22 02:00:00+00:00,8200.3,8208.9,8161.9,8165.0,857.75021756
2019-10-22 04:00:00+00:00,8209.6,8220.7,8191.3,8200.3,834.30637625
2019-10-22 06:00:00+00:00,8209.9,8227.0,8186.3,8209.6,1000.10694474
2019-10-22 08:00:00+00:00,8267.8,8270.0,8209.9,8209.9,956.94545098
2019-10-22 10:00:00+00:00,8275.9,8280.0,8216.5,8267.9,1142.1657558
2019-10-22 12:00:00+00:00,8220.7,8297.2,8191.9,8275.9,1182.94431987
2019-10-22 14:00:00+00:00,8212.2,8225.8,8170.5,8220.7,788.67924785
2019-10-22 16:00:00+00:00,8201.8,8221.9,8186.8,8212.3,595.1022224999999
2019-10-22 18:00:00+00:00,8166.0,8203.5,8159.1,8201.8,740.08557692
2019-10-22 20:00:00+00:00,8088.2,8166.0,8060.0,8166.0,1724.77485541
2019-10-22 22:00:00+00:00,8020.9,8105.8,7996.4,8088.2,1847.2616592999998
2019-10-23 00:00:00+00:00,8032.4,8050.0,7999.5,8020.8,888.42300759
2019-10-23 02:00:00+00:00,7955.4,8039.1,7938.6,8032.3,2292.63750592
2019-10-23 04:00:00+00:00,7953.5,7976.0,7920.0,7955.1,1508.14746041
2019-10-23 06:00:00+00:00,7958.7,7980.0,7939.9,7953.5,582.35001943
2019-10-23 08:00:00+00:00,7990.7,7998.3,7948.1,7958.6,685.22202542
2019-10-23 10:00:00+00:00,7959.2,8008.0,7948.5,7990.6,998.31624069
2019-10-23 12:00:00+00:00,7461.6,7959.9,7402.0,7959.3,22930.57623696
2019-10-23 14:00:00+00:00,7427.3,7496.2,7421.5,7462.7,6754.41807539
2019-10-23 16:00:00+00:00,7499.5,7509.4,7291.1,7426.0,4293.48986952
2019-10-23 18:00:00+00:00,7482.0,7530.0,7482.0,7499.1,1193.05957046
2019-10-23 20:00:00+00:00,7427.5,7494.3,7423.1,7480.9,1144.42034925
2019-10-23 22:00:00+00:00,7464.7,7469.9,7394.4,7427.6,1984.36467954
2019-10-24 00:00:00+00:00,7436.0,7493.7,7418.5,7464.0,1481.21876042
2019-10-24 02:00:00+00:00,7408.7,7440.8,7399.4,7436.8,2371.34571436
2019-10-24 04:00:00+00:00,7408.4,7428.9,7396.0,7410.1,1559.27360763
2019-10-24 06:00:00+00:00,7420.1,7438.6,7340.8,7408.4,1732.18782897
2019-10-24 08:00:00+00:00,7440.4,7474.4,7393.5,7420.1,1406.45939019
2019-10-24 10:00:00+00:00,7421.2,7458.1,7414.5,7440.4,839.40769639
2019-10-24 12:00:00+00:00,7445.3,7462.0,7421.2,7421.3,730.84846154
2019-10-24 14:00:00+00:00,7432.0,7498.5,7409.3,7444.0,1989.16196026
2019-10-24 16:00:00+00:00,7434.2,7457.7,7420.7,7432.0,1484.87998884
2019-10-24 18:00:00+00:00,7468.4,7468.8,7431.2,7433.4,314.35708693
2019-10-24 20:00:00+00:00,7430.5,7468.5,7430.5,7468.5,422.14822631
2019-10-24 22:00:00+00:00,7413.4,7464.7,7411.2,7430.6,395.68663774
2019-10-25 00:00:00+00:00,7435.7,7444.0,7412.3,7413.4,545.97580094
2019-10-25 02:00:00+00:00,7438.2,7454.6,7425.3,7435.7,660.18682814
2019-10-25 04:00:00+00:00,7443.2,7448.7,7381.1,7438.1,771.50651456
2019-10-25 06:00:00+00:00,7458.5,7467.6,7437.0,7443.5,987.88948303
2019-10-25 08:00:00+00:00,7448.6,7478.4,7443.3,7458.5,919.80090588
2019-10-25 10:00:00+00:00,7580.8,7644.7,7447.2,7448.6,6511.59246056
2019-10-25 12:00:00+00:00,7668.9,7684.3,7582.1,7582.1,2585.80505555
2019-10-25 14:00:00+00:00,8285.7,8550.0,7641.8,7669.0,16061.21718279
2019-10-25 16:00:00+00:00,8496.8,8843.8,8281.3,8285.7,22237.71315266
2019-10-25 18:00:00+00:00,8635.9,8675.3,8451.8,8495.2,7986.01545648
2019-10-25 20:00:00+00:00,8597.1,8662.2,8557.2,8641.4,3062.914925
2019-10-25 22:00:00+00:00,8658.6,8705.0,8555.9,8597.1,4101.38911786
2019-10-26 00:00:00+00:00,10025.7,10500.0,8640.0,8658.7,38795.31117086
2019-10-26 02:00:00+00:00,9560.0,10200.0,9444.0,10025.7,23366.06388861
2019-10-26 04:00:00+00:00,9601.8,9764.6,9464.6,9559.9,6637.9319206
2019-10-26 06:00:00+00:00,9490.5,9642.5,9339.0,9601.8,10565.24170136
2019-10-26 08:00:00+00:00,9140.7,9500.0,8965.0,9490.4,11827.75503525
2019-10-26 10:00:00+00:00,9223.1,9340.8,9129.2,9144.3,4491.78911453
2019-10-26 12:00:00+00:00,9105.7,9438.8,9069.6,9223.1,6904.19885042
2019-10-26 14:00:00+00:00,9195.8,9298.7,9041.2,9102.7,6038.22809916
2019-10-26 16:00:00+00:00,9130.2,9247.4,9041.0,9195.8,5341.69288816
2019-10-26 18:00:00+00:00,8996.9,9170.0,8899.1,9130.2,6624.00406643
2019-10-26 20:00:00+00:00,9209.1,9219.9,8996.7,8996.8,2890.61592488
2019-10-26 22:00:00+00:00,9230.4,9284.2,9113.4,9209.7,2788.13603084
2019-10-27 00:00:00+00:00,9155.9,9368.4,9093.6,9230.5,3704.13098997
2019-10-27 02:00:00+00:00,9131.8,9200.0,9111.2,9155.2,1033.89413904
2019-10-27 04:00:00+00:00,9178.0,9182.9,9072.7,9131.8,1114.52401302
2019-10-27 06:00:00+00:00,9150.2,9207.2,9130.3,9178.0,794.93624138
2019-10-27 08:00:00+00:00,9233.7,9301.4,9146.6,9150.3,1764.88746494
2019-10-27 10:00:00+00:00,9270.9,9640.8,9205.7,9233.7,9916.36459705
2019-10-27 12:00:00+00:00,9440.9,9527.3,9210.2,9270.0,4660.09157399
2019-10-27 14:00:00+00:00,9521.8,9613.7,9361.3,9440.6,6134.56971139
2019-10-27 16:00:00+00:00,9656.3,9768.0,9380.0,9522.1,7980.71653056
2019-10-27 18:00:00+00:00,9712.2,9785.7,9609.2,9656.3,1754.64266756
2019-10-27 20:00:00+00:00,9611.5,9746.6,9482.0,9711.9,2759.98061099
2019-10-27 22:00:00+00:00,9528.9,9702.3,9432.7,9611.4,3397.17235328
2019-10-28 00:00:00+00:00,9722.7,9906.4,9528.6,9528.7,6754.58463766
2019-10-28 02:00:00+00:00,9613.6,9780.0,9592.2,9722.6,3723.54532605
2019-10-28 04:00:00+00:00,9604.5,9679.6,9510.9,9615.0,2988.18283011
2019-10-28 06:00:00+00:00,9424.5,9607.2,9330.5,9604.5,9036.219561799999
2019-10-28 08:00:00+00:00,9399.9,9429.3,9270.0,9423.9,3092.43301089
2019-10-28 10:00:00+00:00,9409.5,9450.0,9338.8,9398.2,2903.24456805
2019-10-28 12:00:00+00:00,9354.6,9409.6,9251.4,9409.5,5327.34781567
2019-10-28 14:00:00+00:00,9374.2,9395.0,9294.2,9354.7,1986.53098322
2019-10-28 16:00:00+00:00,9354.3,9399.7,9320.0,9374.1,1943.38853258
2019-10-28 18:00:00+00:00,9397.2,9480.0,9338.2,9354.3,2138.92056958
2019-10-28 20:00:00+00:00,9444.3,9477.3,9365.0,9397.3,975.1081336000001
2019-10-28 22:00:00+00:00,9199.5,9487.4,9185.0,9443.7,3263.54321916
2019-10-29 00:00:00+00:00,9280.0,9302.6,9185.4,9206.9,1502.78389443
2019-10-29 02:00:00+00:00,9284.4,9299.9,9230.4,9280.7,1335.54111453
2019-10-29 04:00:00+00:00,9394.8,9539.4,9284.4,9284.4,4387.72477522
2019-10-29 06:00:00+00:00,9441.2,9481.0,9377.9,9393.0,1870.29716833
2019-10-29 08:00:00+00:00,9384.3,9461.5,9350.0,9441.2,2345.14972835
2019-10-29 10:00:00+00:00,9432.1,9491.6,9371.2,9384.2,2337.09879072
2019-10-29 12:00:00+00:00,9335.8,9467.5,9258.4,9432.1,3211.5231166
2019-10-29 14:00:00+00:00,9340.5,9372.2,9297.7,9337.4,1593.71131413
2019-10-29 16:00:00+00:00,9317.2,9355.8,9268.1,9340.5,1944.3998842
2019-10-29 18:00:00+00:00,9228.0,9397.1,9054.0,9315.9,4599.07879134
2019-10-29 20:00:00+00:00,9395.6,9487.1,9217.2,9227.7,4859.75408783
2019-10-29 22:00:00+00:00,9408.3,9449.9,9390.1,9395.1,966.2579159
2019-10-30 00:00:00+00:00,9380.4,9409.6,9250.3,9408.2,3108.58740717
2019-10-30 02:00:00+00:00,9275.1,9395.4,9251.8,9382.0,1791.65913742
2019-10-30 04:00:00+00:00,9200.9,9331.0,9156.2,9275.1,3089.60876031
2019-10-30 06:00:00+00:00,9163.7,9253.6,9151.2,9201.0,1758.68652889
2019-10-30 08:00:00+00:00,9215.8,9247.9,9163.4,9163.7,1130.13169314
2019-10-30 10:00:00+00:00,9096.9,9220.1,9011.0,9215.9,4576.314787300001
2019-10-30 12:00:00+00:00,9043.1,9171.8,9026.1,9096.8,2873.13585234
2019-10-30 14:00:00+00:00,9100.5,9129.0,8999.9,9043.2,3112.15471169
2019-10-30 16:00:00+00:00,9110.2,9164.2,9010.0,9094.4,2992.11212967
2019-10-30 18:00:00+00:00,9200.0,9200.1,9102.2,9111.5,1184.74875596
2019-10-30 20:00:00+00:00,9134.4,9215.5,9125.9,9200.0,568.7001985
2019-10-30 22:00:00+00:00,9154.4,9227.4,9132.9,9134.3,1009.6690411000001
2019-10-31 00:00:00+00:00,9057.0,9202.1,9053.2,9154.4,1477.44731207
2019-10-31 02:00:00+00:00,9100.1,9131.0,9053.0,9058.4,860.98293282
2019-10-31 04:00:00+00:00,9167.2,9178.9,9076.1,9100.0,1212.95040843
2019-10-31 06:00:00+00:00,9095.6,9210.0,9076.7,9167.2,2645.75661651
2019-10-31 08:00:00+00:00,9034.3,9136.6,9016.2,9095.6,2206.46505484
2019-10-31 10:00:00+00:00,9108.3,9146.5,8934.6,9033.2,4527.65971522
2019-10-31 12:00:00+00:00,9289.9,9403.0,9108.4,9108.4,5088.21735276
2019-10-31 14:00:00+00:00,9212.7,9290.4,9181.2,9290.0,2412.31394198
2019-10-31 16:00:00+00:00,9242.9,9265.6,9200.7,9213.9,1524.3754489
2019-10-31 18:00:00+00:00,9211.6,9256.3,9190.8,9242.9,825.53416689
2019-10-31 20:00:00+00:00,9126.3,9242.4,9019.4,9211.6,4072.73373964
2019-10-31 22:00:00+00:00,9144.2,9158.6,9083.3,9126.3,1234.51863055
2019-11-01 00:00:00+00:00,9092.0,9143.9,9090.5,9143.5,1075.80500386
2019-11-01 02:00:00+00:00,9063.7,9136.8,9039.2,9092.6,1704.39828971
2019-11-01 04:00:00+00:00,9077.3,9108.9,9038.0,9063.7,1168.20287654
2019-11-01 06:00:00+00:00,9100.2,9138.0,9071.0,9077.4,973.1869307
2019-11-01 08:00:00+00:00,9103.2,9185.0,9085.7,9099.8,2017.31384291
2019-11-01 10:00:00+00:00,9160.9,9284.5,9095.6,9103.3,3982.80704004
2019-11-01 12:00:00+00:00,9109.7,9217.5,9068.0,9160.8,3590.60069036
2019-11-01 14:00:00+00:00,9081.0,9250.0,9073.5,9109.8,4213.69428783
2019-11-01 16:00:00+00:00,9159.3,9206.0,9057.5,9081.3,3051.38132682
2019-11-01 18:00:00+00:00,9168.1,9213.1,9150.0,9160.6,694.41636815
2019-11-01 20:00:00+00:00,9257.7,9276.0,9167.3,9167.3,1179.1366311
2019-11-01 22:00:00+00:00,9227.9,9277.0,9180.1,9257.7,1312.816664
2019-11-02 00:00:00+00:00,9234.7,9273.0,9212.0,9227.9,1197.27759098
2019-11-02 02:00:00+00:00,9239.7,9257.1,9210.0,9234.7,861.37504311
2019-11-02 04:00:00+00:00,9215.7,9244.9,9193.3,9239.8,719.70046799
2019-11-02 06:00:00+00:00,9214.9,9222.7,9189.1,9215.7,731.51945241
2019-11-02 08:00:00+00:00,9208.3,9238.0,9194.7,9214.5,608.2681187999999
2019-11-02 10:00:00+00:00,9239.0,9261.1,9203.0,9208.3,1006.99329485
2019-11-02 12:00:00+00:00,9347.9,9373.9,9198.6,9239.6,3156.63061794
2019-11-02 14:00:00+00:00,9319.9,9351.2,9273.5,9347.9,1260.39770703
2019-11-02 16:00:00+00:00,9286.8,9338.3,9281.7,9319.9,784.24291334
2019-11-02 18:00:00+00:00,9314.3,9320.2,9263.8,9286.8,763.09629386
2019-11-02 20:00:00+00:00,9276.0,9316.4,9272.0,9314.7,370.85305541
2019-11-02 22:00:00+00:00,9289.0,9297.7,9271.9,9275.6,205.01460954
2019-11-03 00:00:00+00:00,9314.5,9339.0,9289.1,9289.3,623.09100295
2019-11-03 02:00:00+00:00,9328.2,9364.0,9312.1,9314.5,676.91580632
2019-11-03 04:00:00+00:00,9262.1,9328.2,9230.0,9328.2,1335.51053821
2019-11-03 06:00:00+00:00,9238.2,9281.5,9238.2,9262.1,489.58905149
2019-11-03 08:00:00+00:00,9214.4,9240.7,9190.0,9238.2,1564.62417542
2019-11-03 10:00:00+00:00,9158.9,9214.9,9110.6,9214.4,2140.61848112
2019-11-03 12:00:00+00:00,9164.7,9178.0,9101.0,9158.8,942.74188573
2019-11-03 14:00:00+00:00,9182.0,9185.0,9129.7,9164.7,708.16636027
2019-11-03 16:00:00+00:00,9156.8,9182.0,9115.1,9182.0,673.81126483
2019-11-03 18:00:00+00:00,9133.2,9173.5,9131.7,9156.0,228.74221831
2019-11-03 20:00:00+00:00,9149.1,9170.9,9071.0,9133.2,1561.51063697
2019-11-03 22:00:00+00:00,9195.3,9236.0,9146.9,9149.1,1168.03928353
2019-11-04 00:00:00+00:00,9156.4,9208.9,9135.6,9194.9,886.25791778
2019-11-04 02:00:00+00:00,9151.0,9180.5,9132.7,9156.4,645.06682222
2019-11-04 04:00:00+00:00,9136.9,9151.0,9117.0,9151.0,613.41623674
2019-11-04 06:00:00+00:00,9178.3,9193.7,9135.7,9136.9,652.37112557
2019-11-04 08:00:00+00:00,9172.0,9192.0,9145.0,9178.3,578.96460888
2019-11-04 10:00:00+00:00,9262.1,9273.7,9172.5,9172.7,2888.24768893
2019-11-04 12:00:00+00:00,9243.1,9282.3,9228.3,9262.1,1451.46348485
2019-11-04 14:00:00+00:00,9299.3,9324.9,9243.0,9243.0,3466.03790633
2019-11-04 16:00:00+00:00,9317.1,9332.5,9281.1,9299.4,4248.28015221
2019-11-04 18:00:00+00:00,9259.0,9318.5,9245.7,9317.2,1417.15572722
2019-11-04 20:00:00+00:00,9411.2,9524.0,9259.0,9259.0,6763.03557929
2019-11-04 22:00:00+00:00,9393.8,9424.1,9340.0,9411.1,1651.65131063
2019-11-05 00:00:00+00:00,9427.7,9448.0,9352.8,9392.6,1468.40422991
2019-11-05 02:00:00+00:00,9402.7,9458.8,9388.2,9429.7,1957.36333709
2019-11-05 04:00:00+00:00,9382.7,9402.7,9354.0,9402.7,808.34453836
2019-11-05 06:00:00+00:00,9223.4,9382.7,9161.6,9382.6,4962.254929199999
2019-11-05 08:00:00+00:00,9291.0,9327.7,9192.0,9224.0,2042.04001472
2019-11-05 10:00:00+00:00,9283.2,9302.1,9265.9,9291.1,1327.40513856
2019-11-05 12:00:00+00:00,9239.0,9327.1,9220.0,9283.2,1365.65396944
2019-11-05 14:00:00+00:00,9369.1,9390.0,9239.0,9239.0,2846.33644588
2019-11-05 16:00:00+00:00,9338.1,9388.7,9252.8,9369.2,2594.57071832
2019-11-05 18:00:00+00:00,9385.6,9400.0,9328.1,9338.0,992.62340249
2019-11-05 20:00:00+00:00,9339.8,9413.8,9307.7,9385.7,1182.85442974
2019-11-05 22:00:00+00:00,9304.2,9344.2,9292.6,9339.9,1639.56066588
2019-11-06 00:00:00+00:00,9308.7,9325.8,9269.4,9304.2,1840.27346729
2019-11-06 02:00:00+00:00,9304.5,9332.1,9277.8,9308.7,994.53107626
2019-11-06 04:00:00+00:00,9332.6,9350.0,9300.4,9304.5,1575.67724031
2019-11-06 06:00:00+00:00,9392.1,9442.3,9315.7,9332.6,3104.12773606
2019-11-06 08:00:00+00:00,9358.8,9405.2,9350.1,9391.5,2287.76941203
2019-11-06 10:00:00+00:00,9370.0,9390.8,9330.3,9358.9,1736.0574364999998
2019-11-06 12:00:00+00:00,9319.3,9388.2,9310.3,9369.8,1358.70305391
2019-11-06 14:00:00+00:00,9338.2,9350.0,9309.9,9319.1,778.15913336
2019-11-06 16:00:00+00:00,9294.2,9337.8,9252.0,9337.8,1185.29555917
2019-11-06 18:00:00+00:00,9292.9,9320.9,9270.0,9294.1,368.16284678
2019-11-06 20:00:00+00:00,9321.0,9322.3,9275.0,9292.9,310.11136593
2019-11-06 22:00:00+00:00,9339.1,9367.0,9316.8,9321.9,798.99099831
2019-11-07 00:00:00+00:00,9325.5,9373.8,9303.6,9339.1,769.66430765
2019-11-07 02:00:00+00:00,9300.0,9326.4,9274.5,9325.0,1174.41462127
2019-11-07 04:00:00+00:00,9306.7,9313.8,9260.5,9300.0,817.63950219
2019-11-07 06:00:00+00:00,9257.8,9309.1,9217.4,9306.7,1150.55527767
2019-11-07 08:00:00+00:00,9230.6,9270.2,9225.5,9258.1,1048.5130537
2019-11-07 10:00:00+00:00,9198.6,9230.2,9153.5,9230.2,2331.57114268
2019-11-07 12:00:00+00:00,9201.8,9230.0,9138.0,9198.5,1256.05163814
2019-11-07 14:00:00+00:00,9187.1,9238.4,9184.7,9201.8,1544.61333858
2019-11-07 16:00:00+00:00,9197.4,9234.8,9178.0,9187.2,475.97640779999995
2019-11-07 18:00:00+00:00,9199.0,9214.7,9186.0,9197.3,291.01184632
2019-11-07 20:00:00+00:00,9223.7,9226.5,9100.3,9198.9,1413.54212619
2019-11-07 22:00:00+00:00,9213.7,9262.2,9205.1,9223.7,949.33829508
2019-11-08 00:00:00+00:00,9224.1,9242.0,9181.1,9213.7,730.02579553
2019-11-08 02:00:00+00:00,9242.2,9257.1,9220.9,9224.1,749.91516901
2019-11-08 04:00:00+00:00,9212.2,9259.1,9192.3,9242.3,845.56535074
2019-11-08 06:00:00+00:00,9143.9,9212.2,9115.5,9212.2,1990.24321261
2019-11-08 08:00:00+00:00,9047.0,9155.6,8960.0,9143.8,5592.00900639
2019-11-08 10:00:00+00:00,9026.7,9070.0,9008.0,9046.0,1718.13581837
2019-11-08 12:00:00+00:00,8811.6,9036.0,8745.8,9026.7,7082.78893747
2019-11-08 14:00:00+00:00,8818.3,8852.0,8675.8,8811.6,6205.87829656
2019-11-08 16:00:00+00:00,8779.5,8818.1,8714.3,8818.0,1867.20586235
2019-11-08 18:00:00+00:00,8803.9,8853.6,8776.0,8779.7,1185.42877958
2019-11-08 20:00:00+00:00,8875.8,8897.7,8803.0,8804.0,512.30411631
2019-11-08 22:00:00+00:00,8773.4,8880.4,8770.0,8875.9,768.41006725
2019-11-09 00:00:00+00:00,8806.1,8830.6,8730.0,8773.4,874.54281503
2019-11-09 02:00:00+00:00,8833.1,8838.5,8788.7,8806.6,1067.32913921
2019-11-09 04:00:00+00:00,8826.5,8837.0,8805.3,8833.6,644.3472987
2019-11-09 06:00:00+00:00,8818.0,8874.4,8812.4,8826.1,1279.35091834
2019-11-09 08:00:00+00:00,8828.2,8845.4,8804.8,8817.9,929.24045773
2019-11-09 10:00:00+00:00,8813.9,8860.0,8807.3,8828.2,1175.85518793
2019-11-09 12:00:00+00:00,8857.9,8870.0,8813.2,8814.0,1156.37765268
2019-11-09 14:00:00+00:00,8801.3,8870.0,8769.3,8857.7,2410.33752993
2019-11-09 16:00:00+00:00,8772.5,8825.6,8723.0,8801.4,1647.74762265
2019-11-09 18:00:00+00:00,8755.7,8785.2,8755.4,8772.4,274.90164709
2019-11-09 20:00:00+00:00,8806.1,8806.2,8755.7,8755.7,370.16408359
2019-11-09 22:00:00+00:00,8804.6,8829.5,8770.6,8806.1,724.95075447
2019-11-10 00:00:00+00:00,8776.6,8805.5,8764.3,8804.9,761.62698035
2019-11-10 02:00:00+00:00,8771.0,8787.3,8748.3,8776.6,747.1151149
2019-11-10 04:00:00+00:00,8859.1,8864.6,8771.0,8771.1,1478.88010273
2019-11-10 06:00:00+00:00,8846.3,8890.0,8829.4,8859.2,1146.95244567
2019-11-10 08:00:00+00:00,8821.5,8874.9,8811.9,8846.7,584.69383311
2019-11-10 10:00:00+00:00,8827.6,8857.1,8817.4,8821.6,579.06474792
2019-11-10 12:00:00+00:00,8806.0,8858.6,8786.7,8827.6,1320.09583772
2019-11-10 14:00:00+00:00,8797.1,8830.1,8780.0,8806.0,1308.47243999
2019-11-10 16:00:00+00:00,9037.0,9135.0,8784.1,8797.1,8540.29673466
2019-11-10 18:00:00+00:00,9045.9,9058.0,9026.6,9036.9,410.36806097
2019-11-10 20:00:00+00:00,9039.3,9063.1,9021.3,9046.4,597.06562005
2019-11-10 22:00:00+00:00,9036.3,9096.4,9025.4,9039.3,787.47312145
2019-11-11 00:00:00+00:00,9063.0,9065.0,9025.0,9036.3,663.86603977
2019-11-11 02:00:00+00:00,9019.8,9070.8,9011.1,9063.1,796.09831074
2019-11-11 04:00:00+00:00,8900.0,9032.9,8853.0,9019.9,2718.83530281
2019-11-11 06:00:00+00:00,8810.8,8900.0,8730.0,8900.0,3503.14801162
2019-11-11 08:00:00+00:00,8660.0,8810.8,8616.7,8810.8,4927.54449041
2019-11-11 10:00:00+00:00,8729.5,8745.8,8632.7,8660.1,2168.40952508
2019-11-11 12:00:00+00:00,8724.3,8731.5,8690.0,8730.1,1330.68603451
2019-11-11 14:00:00+00:00,8721.4,8750.0,8691.3,8724.4,1117.91022784
2019-11-11 16:00:00+00:00,8734.0,8745.1,8679.6,8721.4,765.41972594
2019-11-11 18:00:00+00:00,8763.4,8796.1,8725.8,8734.0,796.15649388
2019-11-11 20:00:00+00:00,8742.3,8764.1,8722.4,8763.3,264.85390011
2019-11-11 22:00:00+00:00,8734.3,8742.4,8701.0,8742.4,401.85909858
2019-11-12 00:00:00+00:00,8737.6,8762.1,8715.9,8734.3,500.04047397
2019-11-12 02:00:00+00:00,8742.5,8775.0,8705.0,8737.6,1041.45618853
2019-11-12 04:00:00+00:00,8751.9,8792.0,8724.7,8742.5,1115.89151784
2019-11-12 06:00:00+00:00,8772.8,8786.3,8745.8,8752.3,899.72931617
2019-11-12 08:00:00+00:00,8761.3,8773.3,8711.0,8772.8,1074.64671435
2019-11-12 10:00:00+00:00,8746.8,8771.8,8728.8,8761.3,798.93093558
2019-11-12 12:00:00+00:00,8671.0,8890.0,8640.5,8746.8,4408.95535679
2019-11-12 14:00:00+00:00,8703.7,8736.3,8577.0,8671.0,3430.61688902
2019-11-12 16:00:00+00:00,8747.3,8766.3,8686.5,8704.0,1391.00868058
2019-11-12 18:00:00+00:00,8774.3,8790.0,8734.3,8745.9,755.46014093
2019-11-12 20:00:00+00:00,8770.3,8825.0,8758.2,8774.2,737.63850467
2019-11-12 22:00:00+00:00,8818.9,8818.9,8755.2,8770.4,446.07361496
2019-11-13 00:00:00+00:00,8765.0,8844.6,8760.0,8819.0,846.18242717
2019-11-13 02:00:00+00:00,8730.3,8764.8,8729.6,8764.8,835.09856169
2019-11-13 04:00:00+00:00,8724.5,8745.9,8711.6,8730.3,1156.56332173
2019-11-13 06:00:00+00:00,8738.4,8766.5,8712.0,8724.5,824.46305678
2019-11-13 08:00:00+00:00,8777.8,8806.2,8730.8,8738.4,2347.90385181
2019-11-13 10:00:00+00:00,8770.5,8813.4,8749.3,8777.6,1417.44770607
2019-11-13 12:00:00+00:00,8756.8,8802.6,8726.2,8770.7,1221.09135472
2019-11-13 14:00:00+00:00,8746.9,8777.8,8735.0,8757.6,809.64979872
2019-11-13 16:00:00+00:00,8767.3,8784.2,8739.2,8748.0,545.7503632999999
2019-11-13 18:00:00+00:00,8777.5,8785.0,8751.0,8767.2,345.21899697
2019-11-13 20:00:00+00:00,8769.4,8796.0,8756.1,8777.5,399.91816336
2019-11-13 22:00:00+00:00,8775.2,8795.8,8756.6,8769.4,490.69830537
2019-11-14 00:00:00+00:00,8755.1,8799.9,8755.1,8775.2,540.37812789
2019-11-14 02:00:00+00:00,8761.2,8769.0,8739.2,8755.0,905.74187156
2019-11-14 04:00:00+00:00,8704.0,8769.0,8649.4,8760.1,2905.69857764
2019-11-14 06:00:00+00:00,8666.3,8729.4,8650.6,8704.0,1161.45122527
2019-11-14 08:00:00+00:00,8634.5,8666.3,8585.0,8666.3,2181.3294845
2019-11-14 10:00:00+00:00,8637.6,8650.7,8593.7,8636.3,708.8072185
2019-11-14 12:00:00+00:00,8683.2,8707.4,8600.5,8637.6,2040.05192112
2019-11-14 14:00:00+00:00,8644.4,8697.8,8619.0,8682.5,1132.30930045
2019-11-14 16:00:00+00:00,8662.0,8669.0,8631.9,8644.5,315.6617652
2019-11-14 18:00:00+00:00,8648.2,8663.8,8630.0,8662.0,458.1639647
2019-11-14 20:00:00+00:00,8665.4,8674.1,8648.0,8648.3,342.42945285
2019-11-14 22:00:00+00:00,8640.8,8685.6,8640.3,8665.4,263.04991333
2019-11-15 00:00:00+00:00,8555.0,8658.0,8531.0,8640.8,2177.47335506
2019-11-15 02:00:00+00:00,8554.1,8591.6,8511.4,8555.0,3114.598734
2019-11-15 04:00:00+00:00,8561.7,8571.8,8542.6,8554.2,773.45048697
2019-11-15 06:00:00+00:00,8573.2,8610.0,8556.8,8561.7,1487.64177591
2019-11-15 08:00:00+00:00,8619.5,8790.0,8565.5,8573.2,4594.72857519
2019-11-15 10:00:00+00:00,8629.0,8669.9,8588.7,8619.5,1507.16187991
2019-11-15 12:00:00+00:00,8643.5,8688.2,8626.2,8629.0,2262.13350844
2019-11-15 14:00:00+00:00,8476.1,8644.8,8388.0,8643.6,7929.86941021
2019-11-15 16:00:00+00:00,8478.9,8483.0,8428.7,8475.5,947.9280669
2019-11-15 18:00:00+00:00,8486.2,8508.5,8462.7,8478.8,1163.94093577
2019-11-15 20:00:00+00:00,8462.5,8495.0,8453.8,8486.6,437.04112521
2019-11-15 22:00:00+00:00,8472.5,8528.7,8451.0,8462.6,723.30259113
2019-11-16 00:00:00+00:00,8485.3,8489.9,8441.0,8472.5,1136.51828813
2019-11-16 02:00:00+00:00,8451.4,8485.4,8434.3,8485.3,602.42768024
2019-11-16 04:00:00+00:00,8467.4,8477.3,8443.4,8451.4,998.31387629
2019-11-16 06:00:00+00:00,8471.5,8507.3,8454.1,8467.4,902.66761734
2019-11-16 08:00:00+00:00,8497.4,8540.0,8471.2,8471.2,702.04807468
2019-11-16 10:00:00+00:00,8477.1,8531.4,8450.0,8498.2,1119.37168154
2019-11-16 12:00:00+00:00,8488.1,8502.8,8458.0,8477.5,512.43545618
2019-11-16 14:00:00+00:00,8488.7,8526.8,8451.8,8488.2,1253.74711265
2019-11-16 16:00:00+00:00,8477.1,8502.3,8471.9,8488.7,458.31423181
2019-11-16 18:00:00+00:00,8470.7,8484.3,8465.4,8477.1,157.81811906
2019-11-16 20:00:00+00:00,8485.3,8488.9,8455.4,8470.6,380.84711496
2019-11-16 22:00:00+00:00,8490.8,8494.6,8473.0,8485.4,343.30035391
2019-11-17 00:00:00+00:00,8485.7,8519.1,8481.2,8490.8,709.55417758
2019-11-17 02:00:00+00:00,8480.7,8496.6,8469.4,8485.7,611.73463453
2019-11-17 04:00:00+00:00,8489.8,8490.0,8462.9,8480.8,370.47342876
2019-11-17 06:00:00+00:00,8427.1,8489.8,8405.0,8489.8,956.0301419
2019-11-17 08:00:00+00:00,8536.8,8589.0,8367.4,8427.0,4733.05474157
2019-11-17 10:00:00+00:00,8523.0,8543.8,8518.8,8536.8,569.01285945
2019-11-17 12:00:00+00:00,8530.3,8577.2,8519.5,8523.0,991.46635332
2019-11-17 14:00:00+00:00,8525.4,8545.8,8510.9,8530.3,756.4506491000001
2019-11-17 16:00:00+00:00,8541.1,8553.7,8525.4,8526.4,828.83311053
2019-11-17 18:00:00+00:00,8551.5,8563.4,8530.1,8541.1,601.30244619
2019-11-17 20:00:00+00:00,8549.4,8624.3,8520.2,8551.6,1320.08518038
2019-11-17 22:00:00+00:00,8498.0,8550.2,8473.8,8549.5,892.62177354
2019-11-18 00:00:00+00:00,8481.8,8499.6,8455.0,8499.6,711.08676946
2019-11-18 02:00:00+00:00,8476.4,8482.3,8421.0,8481.7,1016.46711753
2019-11-18 04:00:00+00:00,8480.3,8491.4,8459.7,8475.7,656.06403867
2019-11-18 06:00:00+00:00,8450.9,8490.6,8425.2,8480.3,1027.09548137
2019-11-18 08:00:00+00:00,8477.5,8500.0,8436.9,8450.8,864.79197601
2019-11-18 10:00:00+00:00,8442.2,8477.5,8423.2,8477.5,1155.12445679
2019-11-18 12:00:00+00:00,8445.6,8464.9,8365.6,8442.2,2419.59422868
2019-11-18 14:00:00+00:00,8410.6,8463.4,8400.9,8445.6,1605.61613269
2019-11-18 16:00:00+00:00,8340.7,8432.6,8302.0,8409.3,2835.39081742
2019-11-18 18:00:00+00:00,8213.7,8344.9,8057.0,8340.7,8366.14721996
2019-11-18 20:00:00+00:00,8239.1,8249.4,8171.6,8213.7,781.22306999
2019-11-18 22:00:00+00:00,8183.5,8239.2,8183.4,8239.2,635.78628441
2019-11-19 00:00:00+00:00,8197.9,8216.5,8171.5,8183.7,1044.03256854
2019-11-19 02:00:00+00:00,8154.1,8230.0,8145.0,8198.0,1063.4747235
2019-11-19 04:00:00+00:00,8145.1,8170.9,8116.7,8154.0,1635.27594911
2019-11-19 06:00:00+00:00,8128.0,8159.2,8094.7,8145.1,2063.31597459
2019-11-19 08:00:00+00:00,8153.7,8173.6,8126.2,8128.0,1339.35302252
2019-11-19 10:00:00+00:00,8075.8,8155.3,8007.0,8153.8,3421.68392427
2019-11-19 12:00:00+00:00,8055.4,8114.9,8000.0,8075.8,2814.98656799
2019-11-19 14:00:00+00:00,8100.3,8125.4,8055.4,8055.4,1318.46690174
2019-11-19 16:00:00+00:00,8092.3,8158.0,8050.2,8100.4,1999.98398408
2019-11-19 18:00:00+00:00,8106.9,8119.5,8092.4,8092.4,352.05542603
2019-11-19 20:00:00+00:00,8114.5,8124.8,8074.9,8107.8,519.98947181
2019-11-19 22:00:00+00:00,8130.1,8158.0,8113.7,8114.5,612.1573739
2019-11-20 00:00:00+00:00,8130.5,8147.5,8095.3,8130.1,547.00980124
2019-11-20 02:00:00+00:00,8126.7,8157.4,8122.1,8130.5,1006.31429796
2019-11-20 04:00:00+00:00,8112.0,8144.3,8075.7,8126.8,1864.9122616999998
2019-11-20 06:00:00+00:00,8121.9,8138.5,8106.2,8112.0,701.08861079
2019-11-20 08:00:00+00:00,8073.7,8132.0,8062.5,8121.8,1617.9324981
2019-11-20 10:00:00+00:00,8085.0,8093.6,8040.3,8072.6,2096.06327667
2019-11-20 12:00:00+00:00,8086.2,8105.0,8064.6,8085.4,1061.5620048
2019-11-20 14:00:00+00:00,8125.0,8161.0,8085.9,8086.3,2727.32934797
2019-11-20 16:00:00+00:00,8145.9,8150.1,8113.7,8125.0,791.99001811
2019-11-20 18:00:00+00:00,8087.6,8231.8,8074.1,8145.9,2939.99524827
2019-11-20 20:00:00+00:00,8098.3,8109.9,8066.1,8087.5,525.88640766
2019-11-20 22:00:00+00:00,8099.5,8117.2,8077.0,8098.4,602.34881098
2019-11-21 00:00:00+00:00,8125.4,8130.3,8083.4,8099.5,1126.78580186
2019-11-21 02:00:00+00:00,8125.4,8147.8,8099.4,8124.4,887.38174812
2019-11-21 04:00:00+00:00,8124.1,8128.1,8080.0,8125.5,1226.97800583
2019-11-21 06:00:00+00:00,8089.8,8125.6,8075.1,8124.4,1049.01122531
2019-11-21 08:00:00+00:00,7934.9,8091.9,7913.9,8088.8,5910.08166389
2019-11-21 10:00:00+00:00,7871.2,7940.3,7854.3,7934.8,3049.09116195
2019-11-21 12:00:00+00:00,7885.2,7910.6,7820.0,7871.5,2540.69881271
2019-11-21 14:00:00+00:00,7628.9,7896.8,7429.0,7885.2,16041.23217748
2019-11-21 16:00:00+00:00,7573.1,7658.8,7545.6,7628.9,3393.97443056
2019-11-21 18:00:00+00:00,7628.2,7628.4,7560.0,7573.6,2108.02514977
2019-11-21 20:00:00+00:00,7593.0,7657.8,7575.5,7628.2,1568.44097278
2019-11-21 22:00:00+00:00,7626.6,7638.5,7592.9,7593.0,1078.24376271
2019-11-22 00:00:00+00:00,7645.0,7686.1,7615.2,7626.6,3147.03999162
2019-11-22 02:00:00+00:00,7595.5,7665.3,7585.1,7645.1,2612.13654527
2019-11-22 04:00:00+00:00,7560.9,7628.2,7520.0,7595.6,3195.68704857
2019-11-22 06:00:00+00:00,7553.8,7574.7,7396.2,7560.0,7993.21426154
2019-11-22 08:00:00+00:00,7398.9,7750.0,7347.0,7553.9,12180.29624241
2019-11-22 10:00:00+00:00,7102.0,7398.9,7028.5,7398.9,15861.08096549
2019-11-22 12:00:00+00:00,7033.6,7156.9,7000.0,7102.0,7588.66413108
2019-11-22 14:00:00+00:00,7123.6,7145.7,6790.1,7033.5,18261.57682048
2019-11-22 16:00:00+00:00,7140.0,7230.0,7102.8,7121.8,2211.39202102
2019-11-22 18:00:00+00:00,7295.4,7342.1,7129.8,7139.3,9546.19772303
2019-11-22 20:00:00+00:00,7321.9,7374.7,7258.0,7294.4,5801.75259056
2019-11-22 22:00:00+00:00,7262.9,7338.6,7187.1,7322.0,3650.49445647
2019-11-23 00:00:00+00:00,7198.7,7277.5,7145.0,7262.9,4334.58181385
2019-11-23 02:00:00+00:00,7268.0,7293.5,7192.0,7197.9,2763.5449519000003
2019-11-23 04:00:00+00:00,7200.9,7300.0,7174.6,7269.8,2051.3536391
2019-11-23 06:00:00+00:00,7171.1,7235.7,7160.5,7201.0,1966.63312262
2019-11-23 08:00:00+00:00,7154.1,7206.8,7082.2,7171.1,3460.88476654
2019-11-23 10:00:00+00:00,7170.6,7214.5,7115.0,7154.0,1869.21186989
2019-11-23 12:00:00+00:00,7170.5,7193.1,7138.5,7170.6,1385.80420267
2019-11-23 14:00:00+00:00,7289.6,7328.5,7164.3,7170.5,4514.23594296
2019-11-23 16:00:00+00:00,7285.9,7345.0,7233.3,7289.3,3810.18827599
2019-11-23 18:00:00+00:00,7284.9,7332.9,7267.6,7285.8,1618.43963719
2019-11-23 20:00:00+00:00,7276.2,7295.4,7239.7,7284.8,1179.34250419
2019-11-23 22:00:00+00:00,7310.2,7325.0,7265.7,7276.3,647.00838246
2019-11-24 00:00:00+00:00,7253.6,7329.7,7222.6,7311.4,2426.83020083
2019-11-24 02:00:00+00:00,7201.0,7272.5,7184.4,7253.7,1460.56924058
2019-11-24 04:00:00+00:00,7172.2,7216.0,7150.2,7201.6,1984.85669808
2019-11-24 06:00:00+00:00,7178.1,7223.1,7168.5,7172.3,1477.87069773
2019-11-24 08:00:00+00:00,7248.8,7266.2,7170.0,7178.7,2495.70118608
2019-11-24 10:00:00+00:00,7203.9,7272.9,7093.0,7248.8,6243.95612539
2019-11-24 12:00:00+00:00,7135.7,7204.0,7126.1,7203.3,2914.17627652
2019-11-24 14:00:00+00:00,6983.7,7169.6,6963.5,7135.6,7787.11706508
2019-11-24 16:00:00+00:00,7071.3,7112.5,6904.5,6983.7,7437.61462122
2019-11-24 18:00:00+00:00,7035.0,7099.9,7015.1,7070.3,1135.60873148
2019-11-24 20:00:00+00:00,7036.2,7087.0,6986.1,7025.2,2224.66435491
2019-11-24 22:00:00+00:00,6902.6,7054.5,6865.3,7031.6,5205.12168465
2019-11-25 00:00:00+00:00,6713.1,6942.8,6600.0,6902.5,13494.64890595
2019-11-25 02:00:00+00:00,6664.5,6779.5,6663.8,6714.7,4889.78315938
2019-11-25 04:00:00+00:00,6535.9,6724.5,6513.1,6663.7,12000.49605659
2019-11-25 06:00:00+00:00,6670.8,6718.9,6527.8,6536.5,5777.27845834
2019-11-25 08:00:00+00:00,6743.2,6795.0,6634.5,6670.4,3802.01522325
2019-11-25 10:00:00+00:00,6876.5,6985.1,6709.6,6743.2,10823.63107724
2019-11-25 12:00:00+00:00,7123.7,7285.0,6867.3,6876.4,18693.37604473
2019-11-25 14:00:00+00:00,7252.4,7289.3,7123.6,7123.6,6704.17672328
2019-11-25 16:00:00+00:00,7210.7,7388.0,7148.0,7252.4,8653.65250969
2019-11-25 18:00:00+00:00,7192.3,7269.4,7168.1,7210.6,1743.01306596
2019-11-25 20:00:00+00:00,7194.3,7239.3,7122.7,7193.3,2032.25328505
2019-11-25 22:00:00+00:00,7109.1,7222.4,7094.2,7195.9,1938.08787001
2019-11-26 00:00:00+00:00,7165.7,7182.9,7073.3,7109.0,3611.53937402
2019-11-26 02:00:00+00:00,7245.3,7248.5,7120.0,7165.5,2657.29008215
2019-11-26 04:00:00+00:00,7247.2,7298.6,7182.5,7245.4,2353.50789637
2019-11-26 06:00:00+00:00,7174.6,7340.9,7129.0,7247.3,5174.5105158999995
2019-11-26 08:00:00+00:00,7161.5,7271.6,7126.4,7174.6,4981.46347444
2019-11-26 10:00:00+00:00,7168.8,7204.6,7026.0,7160.7,5552.14694656
2019-11-26 12:00:00+00:00,7056.1,7222.0,7030.0,7168.9,4512.41297665
2019-11-26 14:00:00+00:00,7097.2,7112.6,7023.2,7055.6,2623.57473481
2019-11-26 16:00:00+00:00,7081.4,7148.1,7060.2,7097.2,2161.37034092
2019-11-26 18:00:00+00:00,7075.5,7125.3,7030.5,7081.6,2232.66931287
2019-11-26 20:00:00+00:00,7107.1,7155.8,7065.4,7076.9,1472.67017206
2019-11-26 22:00:00+00:00,7155.7,7180.0,7073.9,7108.3,1491.28708113
2019-11-27 00:00:00+00:00,7145.2,7176.8,7117.4,7155.7,1708.19272875
2019-11-27 02:00:00+00:00,7072.0,7156.2,7041.3,7146.2,2937.03464645
2019-11-27 04:00:00+00:00,7063.6,7094.7,7024.8,7072.0,2575.11160127
2019-11-27 06:00:00+00:00,7070.0,7119.6,7046.5,7063.6,1406.7171869000001
2019-11-27 08:00:00+00:00,6888.0,7088.1,6858.0,7070.0,6530.24894355
2019-11-27 10:00:00+00:00,7149.2,7164.0,6847.1,6888.0,6611.30296526
2019-11-27 12:00:00+00:00,7254.0,7340.0,7119.8,7149.6,7194.336844399999
2019-11-27 14:00:00+00:00,7305.2,7345.0,7176.0,7254.1,4264.62822556
2019-11-27 16:00:00+00:00,7553.0,7610.0,7212.7,7304.8,11866.76394866
2019-11-27 18:00:00+00:00,7563.4,7649.0,7494.7,7553.0,2798.34178785
2019-11-27 20:00:00+00:00,7537.2,7656.2,7475.8,7564.7,2668.66237567
2019-11-27 22:00:00+00:00,7506.5,7590.3,7484.5,7536.9,1403.51888132
2019-11-28 00:00:00+00:00,7503.7,7569.1,7488.0,7506.4,1753.07082591
2019-11-28 02:00:00+00:00,7488.7,7531.9,7468.0,7503.7,2308.16874498
2019-11-28 04:00:00+00:00,7448.3,7510.5,7415.4,7488.9,1750.83276559
2019-11-28 06:00:00+00:00,7498.4,7542.4,7420.0,7448.3,1994.0589348
2019-11-28 08:00:00+00:00,7508.2,7542.1,7457.1,7498.4,2127.97919396
2019-11-28 10:00:00+00:00,7477.4,7508.3,7433.9,7508.3,2722.25435079
2019-11-28 12:00:00+00:00,7453.2,7477.3,7415.0,7477.3,1751.36998175
2019-11-28 14:00:00+00:00,7609.8,7640.7,7439.7,7453.5,4504.87079661
2019-11-28 16:00:00+00:00,7577.2,7612.0,7526.4,7609.6,2774.96978843
2019-11-28 18:00:00+00:00,7607.8,7640.0,7563.1,7577.2,2379.84513023
2019-11-28 20:00:00+00:00,7547.3,7622.4,7532.2,7608.5,1220.72577697
2019-11-28 22:00:00+00:00,7417.8,7560.9,7364.3,7547.5,3140.90209034
2019-11-29 00:00:00+00:00,7455.0,7484.6,7396.1,7418.2,2219.90562677
2019-11-29 02:00:00+00:00,7484.2,7510.4,7436.5,7454.9,1607.57898732
2019-11-29 04:00:00+00:00,7460.0,7497.2,7440.0,7483.7,1108.48282363
2019-11-29 06:00:00+00:00,7510.9,7533.0,7446.9,7460.0,1483.05893676
2019-11-29 08:00:00+00:00,7562.6,7586.1,7489.9,7511.1,3069.67108699
2019-11-29 10:00:00+00:00,7513.8,7600.7,7502.7,7562.6,2206.00955789
2019-11-29 12:00:00+00:00,7741.1,7780.0,7411.7,7513.8,9839.20714208
2019-11-29 14:00:00+00:00,7807.7,7816.7,7704.9,7741.0,4752.49873223
2019-11-29 16:00:00+00:00,7750.4,7849.5,7716.1,7807.8,2850.47216351
2019-11-29 18:00:00+00:00,7713.7,7759.7,7693.3,7750.4,1194.63447268
2019-11-29 20:00:00+00:00,7693.2,7767.5,7667.0,7713.3,1245.11769395
2019-11-29 22:00:00+00:00,7740.8,7752.2,7690.7,7691.8,794.54160374
2019-11-30 00:00:00+00:00,7747.7,7771.0,7725.1,7740.8,819.8697125
2019-11-30 02:00:00+00:00,7737.9,7747.8,7718.8,7747.6,771.55119079
2019-11-30 04:00:00+00:00,7757.7,7762.7,7711.8,7738.0,864.57667934
2019-11-30 06:00:00+00:00,7750.5,7759.6,7724.8,7757.2,684.96688193
2019-11-30 08:00:00+00:00,7714.5,7758.3,7667.0,7750.4,1920.76106385
2019-11-30 10:00:00+00:00,7656.2,7800.8,7624.7,7714.6,5120.05559329
2019-11-30 12:00:00+00:00,7633.8,7711.4,7621.1,7656.0,1772.04604275
2019-11-30 14:00:00+00:00,7537.7,7651.7,7515.6,7633.9,4040.49081667
2019-11-30 16:00:00+00:00,7477.6,7610.6,7450.0,7537.3,3390.34628076
2019-11-30 18:00:00+00:00,7504.4,7527.2,7462.5,7477.4,1508.26948363
2019-11-30 20:00:00+00:00,7538.3,7540.1,7472.4,7504.2,694.60892024
2019-11-30 22:00:00+00:00,7543.3,7559.8,7531.2,7539.8,605.01643799
2019-12-01 00:00:00+00:00,7391.8,7542.0,7366.0,7542.0,5381.68263629
2019-12-01 02:00:00+00:00,7287.6,7436.8,7229.6,7392.7,7200.74374433
2019-12-01 04:00:00+00:00,7304.4,7347.7,7242.5,7286.5,2953.57802047
2019-12-01 06:00:00+00:00,7277.2,7340.3,7258.1,7305.5,1785.29172405
2019-12-01 08:00:00+00:00,7310.5,7322.2,7231.0,7276.7,1749.50925063
2019-12-01 10:00:00+00:00,7315.5,7392.4,7287.7,7309.3,2361.30151969
2019-12-01 12:00:00+00:00,7437.7,7472.3,7314.9,7315.5,2968.56108884
2019-12-01 14:00:00+00:00,7304.2,7474.0,7267.1,7437.8,2764.9777632
2019-12-01 16:00:00+00:00,7321.2,7345.2,7276.5,7304.3,1439.06067781
2019-12-01 18:00:00+00:00,7354.2,7358.6,7284.0,7322.8,1559.27191069
2019-12-01 20:00:00+00:00,7367.0,7384.3,7310.0,7354.8,1026.74717189
2019-12-01 22:00:00+00:00,7392.0,7435.6,7335.0,7367.0,1728.47962822
2019-12-02 00:00:00+00:00,7397.1,7413.6,7350.6,7392.7,1715.0579386
2019-12-02 02:00:00+00:00,7357.4,7419.1,7342.0,7396.3,1168.79907454
2019-12-02 04:00:00+00:00,7280.7,7373.1,7252.0,7357.4,3147.4593985
2019-12-02 06:00:00+00:00,7251.9,7281.1,7151.0,7281.1,3992.07591039
2019-12-02 08:00:00+00:00,7299.7,7337.6,7186.2,7252.3,2779.73122538
2019-12-02 10:00:00+00:00,7298.9,7368.2,7264.1,7299.4,2901.57967519
2019-12-02 12:00:00+00:00,7308.0,7330.0,7237.1,7298.2,2095.25957887
2019-12-02 14:00:00+00:00,7310.7,7372.4,7247.0,7307.7,4457.05341109
2019-12-02 16:00:00+00:00,7285.5,7330.3,7253.7,7310.7,1408.27714136
2019-12-02 18:00:00+00:00,7276.5,7287.2,7258.5,7285.5,806.37004706
2019-12-02 20:00:00+00:00,7305.1,7317.9,7273.7,7273.7,692.68028557
2019-12-02 22:00:00+00:00,7293.7,7349.3,7293.7,7304.8,723.89847097
2019-12-03 00:00:00+00:00,7342.6,7399.9,7292.9,7292.9,2273.78231885
2019-12-03 02:00:00+00:00,7350.4,7355.1,7320.1,7342.6,883.20926767
2019-12-03 04:00:00+00:00,7273.1,7357.0,7261.7,7350.4,2243.12608417
2019-12-03 06:00:00+00:00,7292.2,7309.1,7270.5,7273.2,906.80295432
2019-12-03 08:00:00+00:00,7262.7,7322.5,7255.3,7292.2,1329.67762575
2019-12-03 10:00:00+00:00,7264.4,7299.1,7237.5,7262.7,1580.19479442
2019-12-03 12:00:00+00:00,7287.8,7303.8,7264.4,7264.5,1324.45929315
2019-12-03 14:00:00+00:00,7334.8,7357.0,7279.4,7286.9,1647.23346723
2019-12-03 16:00:00+00:00,7325.9,7338.7,7303.3,7334.8,840.31398712
2019-12-03 18:00:00+00:00,7320.5,7354.2,7306.7,7325.9,748.91093979
2019-12-03 20:00:00+00:00,7320.9,7330.0,7283.3,7320.6,823.35035075
2019-12-03 22:00:00+00:00,7292.4,7339.0,7283.3,7321.0,589.50111203
2019-12-04 00:00:00+00:00,7161.5,7292.3,7101.0,7292.3,5956.93597258
2019-12-04 02:00:00+00:00,7149.3,7173.9,7127.0,7159.4,2138.58085422
2019-12-04 04:00:00+00:00,7127.4,7165.2,7115.0,7149.3,1266.66042067
2019-12-04 06:00:00+00:00,7129.1,7161.6,7115.0,7127.4,1254.79204767
2019-12-04 08:00:00+00:00,7193.0,7209.2,7080.0,7129.1,3010.21493173
2019-12-04 10:00:00+00:00,7200.1,7233.4,7179.9,7193.0,1838.22927724
2019-12-04 12:00:00+00:00,7498.0,7805.2,7200.0,7200.1,18115.97490738
2019-12-04 14:00:00+00:00,7464.7,7534.7,7407.1,7498.1,5407.98705773
2019-12-04 16:00:00+00:00,7469.5,7500.4,7438.8,7464.7,1895.51626773
2019-12-04 18:00:00+00:00,7477.8,7491.7,7456.7,7468.2,988.4974482000001
2019-12-04 20:00:00+00:00,7183.2,7479.8,7100.0,7477.8,8753.4352895
2019-12-04 22:00:00+00:00,7195.0,7257.5,7155.4,7182.5,2620.2562460999998
2019-12-05 00:00:00+00:00,7220.7,7243.1,7164.1,7195.6,2637.96901647
2019-12-05 02:00:00+00:00,7222.0,7234.3,7180.0,7220.4,1583.01870067
2019-12-05 04:00:00+00:00,7321.7,7378.1,7150.0,7222.0,8754.17745211
2019-12-05 06:00:00+00:00,7306.3,7340.2,7266.4,7320.9,3527.75637736
2019-12-05 08:00:00+00:00,7308.9,7431.0,7288.0,7306.3,3459.11718407
2019-12-05 10:00:00+00:00,7367.4,7405.3,7308.9,7308.9,2201.40524138
2019-12-05 12:00:00+00:00,7378.7,7483.6,7360.0,7368.0,3635.28010596
2019-12-05 14:00:00+00:00,7336.7,7413.3,7310.0,7378.5,2435.51049834
2019-12-05 16:00:00+00:00,7339.5,7353.8,7264.0,7336.9,2604.61023804
2019-12-05 18:00:00+00:00,7374.8,7405.2,7328.0,7340.0,3027.31807786
2019-12-05 20:00:00+00:00,7374.1,7424.1,7339.8,7374.1,1376.29893126
2019-12-05 22:00:00+00:00,7388.5,7448.5,7364.6,7373.6,1623.49093845
2019-12-06 00:00:00+00:00,7400.0,7434.2,7312.4,7388.4,1576.70564989
2019-12-06 02:00:00+00:00,7370.9,7434.2,7358.7,7399.8,1808.3607993
2019-12-06 04:00:00+00:00,7392.9,7410.3,7346.7,7370.9,2076.5491273
2019-12-06 06:00:00+00:00,7368.0,7393.2,7332.0,7392.4,1763.94830674
2019-12-06 08:00:00+00:00,7387.9,7445.0,7313.6,7367.9,3765.8670809
2019-12-06 10:00:00+00:00,7338.0,7395.0,7301.5,7388.0,2231.96812564
2019-12-06 12:00:00+00:00,7349.7,7385.4,7339.2,7339.2,1020.42275983
2019-12-06 14:00:00+00:00,7375.0,7430.1,7347.7,7350.5,3589.32440403
2019-12-06 16:00:00+00:00,7474.4,7589.0,7373.4,7375.5,4376.33177592
2019-12-06 18:00:00+00:00,7433.4,7511.7,7391.0,7475.3,2920.41544677
2019-12-06 20:00:00+00:00,7458.6,7480.9,7422.0,7433.4,790.08613249
2019-12-06 22:00:00+00:00,7528.0,7553.5,7455.3,7457.2,2739.58345149
2019-12-07 00:00:00+00:00,7510.5,7553.8,7500.1,7528.0,1754.53026485
2019-12-07 02:00:00+00:00,7527.8,7564.2,7510.5,7510.5,1514.68243801
2019-12-07 04:00:00+00:00,7558.7,7618.0,7527.8,7527.8,2533.18238189
2019-12-07 06:00:00+00:00,7519.7,7559.6,7508.6,7558.7,1448.61815416
2019-12-07 08:00:00+00:00,7494.5,7540.2,7480.6,7519.7,1965.03349131
2019-12-07 10:00:00+00:00,7521.9,7537.9,7467.6,7494.6,1246.70255477
2019-12-07 12:00:00+00:00,7516.8,7550.0,7497.1,7521.9,1183.25765874
2019-12-07 14:00:00+00:00,7507.2,7550.0,7500.0,7516.3,1605.59569434
2019-12-07 16:00:00+00:00,7507.1,7527.9,7496.2,7506.8,614.79759229
2019-12-07 18:00:00+00:00,7517.2,7525.2,7476.7,7507.1,815.66261802
2019-12-07 20:00:00+00:00,7482.0,7517.9,7473.5,7517.3,435.80875347
2019-12-07 22:00:00+00:00,7487.2,7522.4,7480.1,7483.0,573.12430336
2019-12-08 00:00:00+00:00,7434.5,7498.5,7408.5,7486.6,3635.89359808
2019-12-08 02:00:00+00:00,7402.4,7434.7,7374.2,7434.6,1637.37508108
2019-12-08 04:00:00+00:00,7421.3,7433.1,7381.5,7402.4,976.4776485
2019-12-08 06:00:00+00:00,7433.9,7453.5,7417.8,7420.8,771.38243497
2019-12-08 08:00:00+00:00,7485.1,7497.1,7411.0,7434.0,2184.60250403
2019-12-08 10:00:00+00:00,7516.0,7543.8,7468.2,7485.4,1819.17877228
2019-12-08 12:00:00+00:00,7514.4,7531.5,7492.8,7516.0,1235.16042947
2019-12-08 14:00:00+00:00,7546.8,7561.7,7502.3,7514.9,1354.16157654
2019-12-08 16:00:00+00:00,7523.3,7554.1,7502.6,7547.1,1034.15347707
2019-12-08 18:00:00+00:00,7517.0,7546.4,7503.5,7524.4,669.50608941
2019-12-08 20:00:00+00:00,7528.1,7542.7,7505.5,7516.6,427.08538105
2019-12-08 22:00:00+00:00,7508.5,7550.7,7503.4,7527.3,475.37520108
2019-12-09 00:00:00+00:00,7481.3,7539.6,7464.3,7509.4,1722.18157024
2019-12-09 02:00:00+00:00,7508.9,7523.1,7459.7,7481.3,1210.84275136
2019-12-09 04:00:00+00:00,7484.0,7528.8,7476.5,7509.0,1564.65041036
2019-12-09 06:00:00+00:00,7468.0,7528.3,7458.8,7483.2,1720.96683567
2019-12-09 08:00:00+00:00,7471.7,7474.4,7442.3,7468.0,1738.80585222
